INSERT INTO biz_organization (id, org_code, org_name, org_type, parent_id, status, deleted) VALUES
    (1, 'QHDX', '清河大学', 'SCHOOL', 0, 1, 0),
    (2, 'QH-WXY', '文学院', 'COLLEGE', 1, 1, 0),
    (3, 'QH-LXY', '理学院', 'COLLEGE', 1, 1, 0),
    (4, 'QH-WGY', '外国语学院', 'COLLEGE', 1, 1, 0),
    (5, 'QH-SMY', '生命科学学院', 'COLLEGE', 1, 1, 0),
    (6, 'QH-LDXY', '历史与地理学院', 'COLLEGE', 1, 1, 0),
    (7, 'WXY-2601', '汉语言文学一班', 'CLASS', 2, 1, 0),
    (8, 'LXY-2601', '数学与应用数学一班', 'CLASS', 3, 1, 0),
    (9, 'WGY-2601', '英语教育一班', 'CLASS', 4, 1, 0),
    (10, 'LXY-2602', '物理化学综合一班', 'CLASS', 3, 1, 0),
    (11, 'SMY-2601', '生物科学一班', 'CLASS', 5, 1, 0),
    (12, 'LDXY-2601', '历史地理综合一班', 'CLASS', 6, 1, 0);

INSERT INTO sys_role (id, role_code, role_name, remark, deleted) VALUES
    (1, 'ADMIN', '超级管理员', '负责全局平台配置、权限与治理', 0),
    (2, 'ORG_ADMIN', '机构管理员', '负责本机构的考试组织与人员管理', 0),
    (3, 'TEACHER', '教师', '负责题目录入、组卷与考试发布', 0),
    (4, 'GRADER', '阅卷老师', '负责主观题评分与成绩确认', 0),
    (5, 'PROCTOR', '监考员', '负责考试过程监看与事件处理', 0),
    (6, 'STUDENT', '学生', '参加考试并查看成绩', 0);

INSERT INTO sys_user (id, username, password, nickname, full_name, role_code, organization_id, organization_name, department_name, email, phone, candidate_no, status, deleted) VALUES
    (1, '900001', '{noop}123456', '平台管理员', '平台管理员', 'ADMIN', 1, '清河大学', '平台运维中心', NULL, '13800000001', NULL, 1, 0),
    (2, '900002', '{noop}123456', '教务管理员', '教务管理员', 'ORG_ADMIN', 1, '清河大学', '教务处', NULL, '13800000002', NULL, 1, 0),
    (3, '800001', '{noop}123456', '语文教师', '李国强', 'TEACHER', 2, '文学院', '语文教研室', NULL, '1380000003', NULL, 1, 0),
    (4, '800002', '{noop}123456', '数学教师', '王敏', 'TEACHER', 3, '理学院', '数学教研室', NULL, '1380000004', NULL, 1, 0),
    (5, '800003', '{noop}123456', '英语教师', '张丽', 'TEACHER', 4, '外国语学院', '英语教研室', NULL, '1380000005', NULL, 1, 0),
    (6, '800004', '{noop}123456', '物理教师', '陈海', 'TEACHER', 3, '理学院', '物理教研室', NULL, '1380000006', NULL, 1, 0),
    (7, '800005', '{noop}123456', '化学教师', '周宁', 'TEACHER', 3, '理学院', '化学教研室', NULL, '1380000007', NULL, 1, 0),
    (8, '800006', '{noop}123456', '生物教师', '赵雪', 'TEACHER', 5, '生命科学学院', '生物教研室', NULL, '1380000008', NULL, 1, 0),
    (9, '800007', '{noop}123456', '历史教师', '孙伟', 'TEACHER', 6, '历史与地理学院', '历史教研室', NULL, '1380000009', NULL, 1, 0),
    (10, '800008', '{noop}123456', '地理教师', '郑晨', 'TEACHER', 6, '历史与地理学院', '地理教研室', NULL, '1380000010', NULL, 1, 0),
    (11, '810001', '{noop}123456', '文科阅卷', '刘梅', 'GRADER', 2, '文学院', '阅卷组', NULL, '1380000011', NULL, 1, 0),
    (12, '810002', '{noop}123456', '理科阅卷', '何涛', 'GRADER', 3, '理学院', '阅卷组', NULL, '1380000012', NULL, 1, 0),
    (13, '820001', '{noop}123456', '第一监考组', '胡静', 'PROCTOR', 1, '清河大学', '考试中心', NULL, '1380000013', NULL, 1, 0),
    (14, '820002', '{noop}123456', '第二监考组', '高峰', 'PROCTOR', 1, '清河大学', '考试中心', NULL, '1380000014', NULL, 1, 0),
    (15, '20260001', '{noop}123456', '张晨琪', '张晨琪', 'STUDENT', 7, '汉语言文学一班', '汉语言文学一班', NULL, '13900000001', '20260001', 1, 0),
    (16, '20260002', '{noop}123456', '王浩琳', '王浩琳', 'STUDENT', 8, '数学与应用数学一班', '数学与应用数学一班', NULL, '13900000002', '20260002', 1, 0),
    (17, '20260003', '{noop}123456', '李宇航', '李宇航', 'STUDENT', 9, '英语教育一班', '英语教育一班', NULL, '13900000003', '20260003', 1, 0),
    (18, '20260004', '{noop}123456', '赵欣峰', '赵欣峰', 'STUDENT', 10, '物理化学综合一班', '物理化学综合一班', NULL, '13900000004', '20260004', 1, 0),
    (19, '20260005', '{noop}123456', '刘雪颖', '刘雪颖', 'STUDENT', 11, '生物科学一班', '生物科学一班', NULL, '13900000005', '20260005', 1, 0),
    (20, '20260006', '{noop}123456', '陈婷瑞', '陈婷瑞', 'STUDENT', 12, '历史地理综合一班', '历史地理综合一班', NULL, '13900000006', '20260006', 1, 0),
    (21, '20260007', '{noop}123456', '杨轩昊', '杨轩昊', 'STUDENT', 7, '汉语言文学一班', '汉语言文学一班', NULL, '13900000007', '20260007', 1, 0),
    (22, '20260008', '{noop}123456', '黄杰祺', '黄杰祺', 'STUDENT', 8, '数学与应用数学一班', '数学与应用数学一班', NULL, '13900000008', '20260008', 1, 0),
    (23, '20260009', '{noop}123456', '周涵雅', '周涵雅', 'STUDENT', 9, '英语教育一班', '英语教育一班', NULL, '13900000009', '20260009', 1, 0),
    (24, '20260010', '{noop}123456', '吴悦辰', '吴悦辰', 'STUDENT', 10, '物理化学综合一班', '物理化学综合一班', NULL, '13900000010', '20260010', 1, 0),
    (25, '20260011', '{noop}123456', '徐宁萌', '徐宁萌', 'STUDENT', 11, '生物科学一班', '生物科学一班', NULL, '13900000011', '20260011', 1, 0),
    (26, '20260012', '{noop}123456', '孙博哲', '孙博哲', 'STUDENT', 12, '历史地理综合一班', '历史地理综合一班', NULL, '13900000012', '20260012', 1, 0),
    (27, '20260013', '{noop}123456', '胡晴恩', '胡晴恩', 'STUDENT', 7, '汉语言文学一班', '汉语言文学一班', NULL, '13900000013', '20260013', 1, 0),
    (28, '20260014', '{noop}123456', '朱嘉妍', '朱嘉妍', 'STUDENT', 8, '数学与应用数学一班', '数学与应用数学一班', NULL, '13900000014', '20260014', 1, 0),
    (29, '20260015', '{noop}123456', '高凡泽', '高凡泽', 'STUDENT', 9, '英语教育一班', '英语教育一班', NULL, '13900000015', '20260015', 1, 0),
    (30, '20260016', '{noop}123456', '林思一', '林思一', 'STUDENT', 10, '物理化学综合一班', '物理化学综合一班', NULL, '13900000016', '20260016', 1, 0),
    (31, '20260017', '{noop}123456', '何源然', '何源然', 'STUDENT', 11, '生物科学一班', '生物科学一班', NULL, '13900000017', '20260017', 1, 0),
    (32, '20260018', '{noop}123456', '郭可怡', '郭可怡', 'STUDENT', 12, '历史地理综合一班', '历史地理综合一班', NULL, '13900000018', '20260018', 1, 0),
    (33, '20260019', '{noop}123456', '马维文', '马维文', 'STUDENT', 7, '汉语言文学一班', '汉语言文学一班', NULL, '13900000019', '20260019', 1, 0),
    (34, '20260020', '{noop}123456', '罗彤远', '罗彤远', 'STUDENT', 8, '数学与应用数学一班', '数学与应用数学一班', NULL, '13900000020', '20260020', 1, 0),
    (35, '20260021', '{noop}123456', '张晨琪', '张晨琪', 'STUDENT', 9, '英语教育一班', '英语教育一班', NULL, '13900000021', '20260021', 1, 0),
    (36, '20260022', '{noop}123456', '王浩琳', '王浩琳', 'STUDENT', 10, '物理化学综合一班', '物理化学综合一班', NULL, '13900000022', '20260022', 1, 0),
    (37, '20260023', '{noop}123456', '李宇航', '李宇航', 'STUDENT', 11, '生物科学一班', '生物科学一班', NULL, '13900000023', '20260023', 1, 0),
    (38, '20260024', '{noop}123456', '赵欣峰', '赵欣峰', 'STUDENT', 12, '历史地理综合一班', '历史地理综合一班', NULL, '13900000024', '20260024', 1, 0),
    (39, '20260025', '{noop}123456', '刘雪颖', '刘雪颖', 'STUDENT', 7, '汉语言文学一班', '汉语言文学一班', NULL, '13900000025', '20260025', 1, 0),
    (40, '20260026', '{noop}123456', '陈婷瑞', '陈婷瑞', 'STUDENT', 8, '数学与应用数学一班', '数学与应用数学一班', NULL, '13900000026', '20260026', 1, 0),
    (41, '20260027', '{noop}123456', '杨轩昊', '杨轩昊', 'STUDENT', 9, '英语教育一班', '英语教育一班', NULL, '13900000027', '20260027', 1, 0),
    (42, '20260028', '{noop}123456', '黄杰祺', '黄杰祺', 'STUDENT', 10, '物理化学综合一班', '物理化学综合一班', NULL, '13900000028', '20260028', 1, 0),
    (43, '20260029', '{noop}123456', '周涵雅', '周涵雅', 'STUDENT', 11, '生物科学一班', '生物科学一班', NULL, '13900000029', '20260029', 1, 0),
    (44, '20260030', '{noop}123456', '吴悦辰', '吴悦辰', 'STUDENT', 12, '历史地理综合一班', '历史地理综合一班', NULL, '13900000030', '20260030', 1, 0),
    (45, '20260031', '{noop}123456', '徐宁萌', '徐宁萌', 'STUDENT', 7, '汉语言文学一班', '汉语言文学一班', NULL, '13900000031', '20260031', 1, 0),
    (46, '20260032', '{noop}123456', '孙博哲', '孙博哲', 'STUDENT', 8, '数学与应用数学一班', '数学与应用数学一班', NULL, '13900000032', '20260032', 1, 0),
    (47, '20260033', '{noop}123456', '胡晴恩', '胡晴恩', 'STUDENT', 9, '英语教育一班', '英语教育一班', NULL, '13900000033', '20260033', 1, 0),
    (48, '20260034', '{noop}123456', '朱嘉妍', '朱嘉妍', 'STUDENT', 10, '物理化学综合一班', '物理化学综合一班', NULL, '13900000034', '20260034', 1, 0),
    (49, '20260035', '{noop}123456', '高凡泽', '高凡泽', 'STUDENT', 11, '生物科学一班', '生物科学一班', NULL, '13900000035', '20260035', 1, 0),
    (50, '20260036', '{noop}123456', '林思一', '林思一', 'STUDENT', 12, '历史地理综合一班', '历史地理综合一班', NULL, '13900000036', '20260036', 1, 0),
    (51, '20260037', '{noop}123456', '何源然', '何源然', 'STUDENT', 7, '汉语言文学一班', '汉语言文学一班', NULL, '13900000037', '20260037', 1, 0),
    (52, '20260038', '{noop}123456', '郭可怡', '郭可怡', 'STUDENT', 8, '数学与应用数学一班', '数学与应用数学一班', NULL, '13900000038', '20260038', 1, 0),
    (53, '20260039', '{noop}123456', '马维文', '马维文', 'STUDENT', 9, '英语教育一班', '英语教育一班', NULL, '13900000039', '20260039', 1, 0),
    (54, '20260040', '{noop}123456', '罗彤远', '罗彤远', 'STUDENT', 10, '物理化学综合一班', '物理化学综合一班', NULL, '13900000040', '20260040', 1, 0),
    (55, '20260041', '{noop}123456', '张晨琪', '张晨琪', 'STUDENT', 11, '生物科学一班', '生物科学一班', NULL, '13900000041', '20260041', 1, 0),
    (56, '20260042', '{noop}123456', '王浩琳', '王浩琳', 'STUDENT', 12, '历史地理综合一班', '历史地理综合一班', NULL, '13900000042', '20260042', 1, 0),
    (57, '20260043', '{noop}123456', '李宇航', '李宇航', 'STUDENT', 7, '汉语言文学一班', '汉语言文学一班', NULL, '13900000043', '20260043', 1, 0),
    (58, '20260044', '{noop}123456', '赵欣峰', '赵欣峰', 'STUDENT', 8, '数学与应用数学一班', '数学与应用数学一班', NULL, '13900000044', '20260044', 1, 0),
    (59, '20260045', '{noop}123456', '刘雪颖', '刘雪颖', 'STUDENT', 9, '英语教育一班', '英语教育一班', NULL, '13900000045', '20260045', 1, 0),
    (60, '20260046', '{noop}123456', '陈婷瑞', '陈婷瑞', 'STUDENT', 10, '物理化学综合一班', '物理化学综合一班', NULL, '13900000046', '20260046', 1, 0),
    (61, '20260047', '{noop}123456', '杨轩昊', '杨轩昊', 'STUDENT', 11, '生物科学一班', '生物科学一班', NULL, '13900000047', '20260047', 1, 0),
    (62, '20260048', '{noop}123456', '黄杰祺', '黄杰祺', 'STUDENT', 12, '历史地理综合一班', '历史地理综合一班', NULL, '13900000048', '20260048', 1, 0),
    (63, '20260049', '{noop}123456', '周涵雅', '周涵雅', 'STUDENT', 7, '汉语言文学一班', '汉语言文学一班', NULL, '13900000049', '20260049', 1, 0),
    (64, '20260050', '{noop}123456', '吴悦辰', '吴悦辰', 'STUDENT', 8, '数学与应用数学一班', '数学与应用数学一班', NULL, '13900000050', '20260050', 1, 0),
    (65, '20260051', '{noop}123456', '徐宁萌', '徐宁萌', 'STUDENT', 9, '英语教育一班', '英语教育一班', NULL, '13900000051', '20260051', 1, 0),
    (66, '20260052', '{noop}123456', '孙博哲', '孙博哲', 'STUDENT', 10, '物理化学综合一班', '物理化学综合一班', NULL, '13900000052', '20260052', 1, 0),
    (67, '20260053', '{noop}123456', '胡晴恩', '胡晴恩', 'STUDENT', 11, '生物科学一班', '生物科学一班', NULL, '13900000053', '20260053', 1, 0),
    (68, '20260054', '{noop}123456', '朱嘉妍', '朱嘉妍', 'STUDENT', 12, '历史地理综合一班', '历史地理综合一班', NULL, '13900000054', '20260054', 1, 0),
    (69, '20260055', '{noop}123456', '高凡泽', '高凡泽', 'STUDENT', 7, '汉语言文学一班', '汉语言文学一班', NULL, '13900000055', '20260055', 1, 0),
    (70, '20260056', '{noop}123456', '林思一', '林思一', 'STUDENT', 8, '数学与应用数学一班', '数学与应用数学一班', NULL, '13900000056', '20260056', 1, 0),
    (71, '20260057', '{noop}123456', '何源然', '何源然', 'STUDENT', 9, '英语教育一班', '英语教育一班', NULL, '13900000057', '20260057', 1, 0),
    (72, '20260058', '{noop}123456', '郭可怡', '郭可怡', 'STUDENT', 10, '物理化学综合一班', '物理化学综合一班', NULL, '13900000058', '20260058', 1, 0),
    (73, '20260059', '{noop}123456', '马维文', '马维文', 'STUDENT', 11, '生物科学一班', '生物科学一班', NULL, '13900000059', '20260059', 1, 0),
    (74, '20260060', '{noop}123456', '罗彤远', '罗彤远', 'STUDENT', 12, '历史地理综合一班', '历史地理综合一班', NULL, '13900000060', '20260060', 1, 0);

INSERT INTO sys_menu (id, name, path, component, icon, permission_code, visible_roles, parent_id, sort_no, menu_type, deleted) VALUES
    (1, '首页看板', '/dashboard', 'dashboard/DashboardView', 'Odometer', 'dashboard:view', 'ADMIN,ORG_ADMIN,TEACHER,GRADER,PROCTOR,STUDENT', 0, 1, 'MENU', 0),
    (2, '系统管理', '/system', '', 'Setting', 'system:view', 'ADMIN,ORG_ADMIN', 0, 2, 'MENU', 0),
    (3, '组织管理', '/system/organizations', 'system/OrganizationView', 'OfficeBuilding', 'sys:org:view', 'ADMIN,ORG_ADMIN', 2, 1, 'PAGE', 0),
    (4, '用户管理', '/system/users', 'system/UserView', 'User', 'sys:user:view', 'ADMIN,ORG_ADMIN', 2, 2, 'PAGE', 0),
    (5, '角色管理', '/system/roles', 'system/RoleView', 'Collection', 'sys:role:view', 'ADMIN', 2, 3, 'PAGE', 0),
    (6, '菜单管理', '/system/menus', 'system/MenuView', 'Menu', 'sys:menu:view', 'ADMIN', 2, 4, 'PAGE', 0),
    (7, '审计日志', '/system/audit-logs', 'system/AuditLogView', 'Document', 'sys:audit:view', 'ADMIN,ORG_ADMIN', 2, 5, 'PAGE', 0),
    (8, '配置中心', '/system/config-center', 'system/ConfigCenterView', 'Tools', 'sys:config:view', 'ADMIN,ORG_ADMIN', 2, 6, 'PAGE', 0),
    (9, '公告管理', '/notices', 'notices/NoticeView', 'Bell', 'biz:notice:view', 'ADMIN,ORG_ADMIN,TEACHER,GRADER,PROCTOR,STUDENT', 0, 3, 'MENU', 0),
    (10, '消息中心', '/messages', 'notices/MessageCenterView', 'ChatDotRound', 'biz:message:view', 'ADMIN,ORG_ADMIN,TEACHER,GRADER,PROCTOR,STUDENT', 0, 4, 'PAGE', 0),
    (11, '考试业务', '/exam', '', 'Reading', 'exam:view', 'ADMIN,ORG_ADMIN,TEACHER,GRADER,PROCTOR', 0, 5, 'MENU', 0),
    (12, '题库管理', '/exam/questions', 'exam/QuestionBankView', 'Document', 'exam:question:view', 'ADMIN,ORG_ADMIN,TEACHER', 11, 1, 'PAGE', 0),
    (13, '试卷管理', '/exam/papers', 'exam/ExamPaperView', 'Collection', 'exam:paper:view', 'ADMIN,ORG_ADMIN,TEACHER', 11, 2, 'PAGE', 0),
    (14, '考试发布', '/exam/plans', 'exam/ExamPlanView', 'Calendar', 'exam:plan:view', 'ADMIN,ORG_ADMIN,TEACHER', 11, 3, 'PAGE', 0),
    (15, '阅卷中心', '/exam/grading', 'exam/GradingView', 'EditPen', 'exam:grading:view', 'ADMIN,ORG_ADMIN,GRADER,TEACHER', 11, 4, 'PAGE', 0),
    (16, '成绩中心', '/exam/records', 'exam/ExamRecordView', 'Histogram', 'exam:record:view', 'ADMIN,ORG_ADMIN,TEACHER,GRADER', 11, 5, 'PAGE', 0),
    (17, '成绩分析', '/exam/analytics', 'exam/AnalysisView', 'DataLine', 'exam:analytics:view', 'ADMIN,ORG_ADMIN,TEACHER', 11, 6, 'PAGE', 0),
    (18, '考生中心', '/candidate', '', 'Tickets', 'candidate:view', 'STUDENT', 0, 6, 'MENU', 0),
    (19, '我的考试', '/candidate/exams', 'exam/CandidateExamView', 'Tickets', 'candidate:exam:view', 'STUDENT', 18, 1, 'PAGE', 0),
    (20, '监考事件', '/exam/proctor', 'exam/ProctorView', 'Warning', 'exam:proctor:view', 'ADMIN,ORG_ADMIN,PROCTOR', 11, 7, 'PAGE', 0),
    (21, '我的成绩', '/candidate/scores', 'exam/CandidateScoreView', 'Histogram', 'candidate:score:view', 'STUDENT', 18, 2, 'PAGE', 0);

INSERT INTO biz_notice (id, title, category, status, content, deleted) VALUES
    (1, '期中考试发布通知', 'exam_publish', 1, '本学期期中考试安排已发布，请相关教师完成监考准备，学生按时查看考试计划。', 0),
    (2, '阅卷工作提醒', 'grading', 1, '已提交试卷的主观题阅卷任务已分配，请阅卷老师尽快完成评分。', 0),
    (3, '成绩发布说明', 'score_publish', 1, '成绩发布后，学生可在成绩中心查看个人成绩和分析结果。', 0);

INSERT INTO sys_config_item (id, config_key, config_name, config_group, config_value, description_text, status, deleted) VALUES
    (1, 'exam.auto.save.interval.seconds', '考试自动保存间隔', 'exam', '20', '前端自动保存作答内容的秒数间隔', 1, 0),
    (2, 'exam.max.attempt.limit', '单场考试最大参考次数', 'exam', '3', '系统允许配置的单场考试最大参考次数', 1, 0),
    (3, 'notice.message.enabled', '站内消息开关', 'notice', 'true', '控制站内消息中心是否启用', 1, 0),
    (4, 'exam.default.duration.minutes', '考试默认时长', 'exam', '90', '新建考试计划时的默认时长', 1, 0),
    (5, 'grading.require.comment', '阅卷是否要求评语', 'grading', 'false', '是否要求主观题评分时填写评语', 1, 0);

INSERT INTO sys_dictionary_item (id, dict_type, item_code, item_label, item_value, sort_no, status, deleted) VALUES
    (1, 'subject', 'subject_yuwen', '语文', '语文', 1, 1, 0),
    (2, 'subject', 'subject_shuxue', '数学', '数学', 2, 1, 0),
    (3, 'subject', 'subject_yingyu', '英语', '英语', 3, 1, 0),
    (4, 'subject', 'subject_wuli', '物理', '物理', 4, 1, 0),
    (5, 'subject', 'subject_huaxue', '化学', '化学', 5, 1, 0),
    (6, 'subject', 'subject_shengwu', '生物', '生物', 6, 1, 0),
    (7, 'subject', 'subject_lishi', '历史', '历史', 7, 1, 0),
    (8, 'subject', 'subject_dili', '地理', '地理', 8, 1, 0),
    (9, 'question_type', 'SINGLE_CHOICE', '单选题', 'SINGLE_CHOICE', 9, 1, 0),
    (10, 'question_type', 'MULTIPLE_CHOICE', '多选题', 'MULTIPLE_CHOICE', 10, 1, 0),
    (11, 'question_type', 'TRUE_FALSE', '判断题', 'TRUE_FALSE', 11, 1, 0),
    (12, 'question_type', 'SHORT_ANSWER', '简答题', 'SHORT_ANSWER', 12, 1, 0),
    (24, 'question_type', 'FILL_BLANK', '填空题', 'FILL_BLANK', 24, 1, 0),
    (25, 'question_type', 'ESSAY', '论述题', 'ESSAY', 25, 1, 0),
    (26, 'question_type', 'MATERIAL', '材料题', 'MATERIAL', 26, 1, 0),
    (13, 'question_tag', 'tag_13', '重点知识', '重点知识', 13, 1, 0),
    (14, 'question_tag', 'tag_14', '课堂基础', '课堂基础', 14, 1, 0),
    (15, 'question_tag', 'tag_15', '综合应用', '综合应用', 15, 1, 0),
    (16, 'question_tag', 'tag_16', '单元测试', '单元测试', 16, 1, 0),
    (17, 'question_tag', 'tag_17', '阶段复习', '阶段复习', 17, 1, 0),
    (18, 'question_tag', 'tag_18', '写作表达', '写作表达', 18, 1, 0),
    (19, 'question_tag', 'tag_19', '实验探究', '实验探究', 19, 1, 0),
    (20, 'question_tag', 'tag_20', '图表分析', '图表分析', 20, 1, 0),
    (21, 'notice_category', 'exam_publish', '考试发布提醒', 'exam_publish', 21, 1, 0),
    (22, 'notice_category', 'score_publish', '成绩发布提醒', 'score_publish', 22, 1, 0),
    (23, 'notice_category', 'grading', '阅卷提醒', 'grading', 23, 1, 0);

INSERT INTO biz_question_bank (id, question_code, organization_id, subject, question_type, difficulty_level, stem, options_json, answer_key, analysis_text, knowledge_point, chapter_name, source_name, tags, default_score, reviewer_status, version_no, status, deleted) VALUES
    (1, 'YW-001', 2, '语文', 'SINGLE_CHOICE', 'EASY', '【语文第01题】关于现代文阅读的下列说法，最恰当的一项是？', '["选项一：符合教材结论","选项二：忽略关键条件","选项三：结论与题意不符","选项四：混淆核心概念"]', '选项一：符合教材结论', '本题考查语文学科中现代文阅读相关基础概念，应优先抓住教材中的核心定义和适用条件。', '现代文阅读', '语言文字运用', '清河大学考试资源库', '语文,现代文阅读,课堂基础', 5, 'APPROVED', 1, 1, 0),
    (2, 'YW-002', 2, '语文', 'MULTIPLE_CHOICE', 'MEDIUM', '【语文第02题】围绕古诗文默写，下列哪些说法是正确的？', '["说法一：符合教材结论","说法二：忽略必要条件","说法三：符合题意要求","说法四：与常识明显冲突"]', '说法一：符合教材结论|说法三：符合题意要求', '本题考查古诗文默写的综合判断能力，需要同时识别正确结论和错误干扰项。', '古诗文默写', '语言文字运用', '清河大学考试资源库', '语文,古诗文默写,课堂基础', 10, 'APPROVED', 1, 1, 0),
    (3, 'YW-003', 2, '语文', 'TRUE_FALSE', 'HARD', '【语文第03题】文学常识是语文学科中的重要基础内容，需要结合具体条件进行判断。该表述是否正确？', '["正确","错误"]', '正确', '本题考查对文学常识基础概念的理解，判断题应重点关注关键词和限定条件。', '文学常识', '语言文字运用', '清河大学考试资源库', '语文,文学常识,课堂基础', 5, 'APPROVED', 1, 1, 0),
    (4, 'YW-004', 2, '语文', 'SHORT_ANSWER', 'EASY', '【语文第04题】请结合病句辨析，概述解决相关问题时需要关注的核心思路。', NULL, '参考答案：应围绕病句辨析的基本概念、关键条件、常见误区和应用场景进行作答。', '本题考查病句辨析的理解与表达能力，阅卷时重点关注概念准确性、逻辑完整性和学科术语使用。', '病句辨析', '语言文字运用', '清河大学考试资源库', '语文,病句辨析,课堂基础', 15, 'APPROVED', 1, 1, 0),
    (5, 'YW-005', 2, '语文', 'SINGLE_CHOICE', 'MEDIUM', '【语文第05题】关于现代文阅读的下列说法，最恰当的一项是？', '["选项一：符合教材结论","选项二：忽略关键条件","选项三：结论与题意不符","选项四：混淆核心概念"]', '选项一：符合教材结论', '本题考查语文学科中现代文阅读相关基础概念，应优先抓住教材中的核心定义和适用条件。', '现代文阅读', '语言文字运用', '清河大学考试资源库', '语文,现代文阅读,课堂基础', 5, 'APPROVED', 1, 1, 0),
    (6, 'YW-006', 2, '语文', 'MULTIPLE_CHOICE', 'HARD', '【语文第06题】围绕古诗文默写，下列哪些说法是正确的？', '["说法一：符合教材结论","说法二：忽略必要条件","说法三：符合题意要求","说法四：与常识明显冲突"]', '说法一：符合教材结论|说法三：符合题意要求', '本题考查古诗文默写的综合判断能力，需要同时识别正确结论和错误干扰项。', '古诗文默写', '语言文字运用', '清河大学考试资源库', '语文,古诗文默写,课堂基础', 10, 'APPROVED', 1, 1, 0),
    (7, 'YW-007', 2, '语文', 'TRUE_FALSE', 'EASY', '【语文第07题】文学常识是语文学科中的重要基础内容，需要结合具体条件进行判断。该表述是否正确？', '["正确","错误"]', '正确', '本题考查对文学常识基础概念的理解，判断题应重点关注关键词和限定条件。', '文学常识', '语言文字运用', '清河大学考试资源库', '语文,文学常识,课堂基础', 5, 'APPROVED', 1, 1, 0),
    (8, 'YW-008', 2, '语文', 'SHORT_ANSWER', 'MEDIUM', '【语文第08题】请结合病句辨析，概述解决相关问题时需要关注的核心思路。', NULL, '参考答案：应围绕病句辨析的基本概念、关键条件、常见误区和应用场景进行作答。', '本题考查病句辨析的理解与表达能力，阅卷时重点关注概念准确性、逻辑完整性和学科术语使用。', '病句辨析', '语言文字运用', '清河大学考试资源库', '语文,病句辨析,课堂基础', 15, 'APPROVED', 1, 1, 0),
    (9, 'YW-009', 2, '语文', 'SINGLE_CHOICE', 'HARD', '【语文第09题】关于现代文阅读的下列说法，最恰当的一项是？', '["选项一：符合教材结论","选项二：忽略关键条件","选项三：结论与题意不符","选项四：混淆核心概念"]', '选项一：符合教材结论', '本题考查语文学科中现代文阅读相关基础概念，应优先抓住教材中的核心定义和适用条件。', '现代文阅读', '语言文字运用', '清河大学考试资源库', '语文,现代文阅读,课堂基础', 5, 'APPROVED', 1, 1, 0),
    (10, 'YW-010', 2, '语文', 'MULTIPLE_CHOICE', 'EASY', '【语文第10题】围绕古诗文默写，下列哪些说法是正确的？', '["说法一：符合教材结论","说法二：忽略必要条件","说法三：符合题意要求","说法四：与常识明显冲突"]', '说法一：符合教材结论|说法三：符合题意要求', '本题考查古诗文默写的综合判断能力，需要同时识别正确结论和错误干扰项。', '古诗文默写', '语言文字运用', '清河大学考试资源库', '语文,古诗文默写,课堂基础', 10, 'APPROVED', 1, 1, 0),
    (11, 'YW-011', 2, '语文', 'TRUE_FALSE', 'MEDIUM', '【语文第11题】文学常识是语文学科中的重要基础内容，需要结合具体条件进行判断。该表述是否正确？', '["正确","错误"]', '正确', '本题考查对文学常识基础概念的理解，判断题应重点关注关键词和限定条件。', '文学常识', '语言文字运用', '清河大学考试资源库', '语文,文学常识,课堂基础', 5, 'APPROVED', 1, 1, 0),
    (12, 'YW-012', 2, '语文', 'SHORT_ANSWER', 'HARD', '【语文第12题】请结合病句辨析，概述解决相关问题时需要关注的核心思路。', NULL, '参考答案：应围绕病句辨析的基本概念、关键条件、常见误区和应用场景进行作答。', '本题考查病句辨析的理解与表达能力，阅卷时重点关注概念准确性、逻辑完整性和学科术语使用。', '病句辨析', '语言文字运用', '清河大学考试资源库', '语文,病句辨析,课堂基础', 15, 'APPROVED', 1, 1, 0),
    (13, 'YW-013', 2, '语文', 'SINGLE_CHOICE', 'EASY', '【语文第13题】关于现代文阅读的下列说法，最恰当的一项是？', '["选项一：符合教材结论","选项二：忽略关键条件","选项三：结论与题意不符","选项四：混淆核心概念"]', '选项一：符合教材结论', '本题考查语文学科中现代文阅读相关基础概念，应优先抓住教材中的核心定义和适用条件。', '现代文阅读', '语言文字运用', '清河大学考试资源库', '语文,现代文阅读,课堂基础', 5, 'APPROVED', 1, 1, 0),
    (14, 'YW-014', 2, '语文', 'MULTIPLE_CHOICE', 'MEDIUM', '【语文第14题】围绕古诗文默写，下列哪些说法是正确的？', '["说法一：符合教材结论","说法二：忽略必要条件","说法三：符合题意要求","说法四：与常识明显冲突"]', '说法一：符合教材结论|说法三：符合题意要求', '本题考查古诗文默写的综合判断能力，需要同时识别正确结论和错误干扰项。', '古诗文默写', '语言文字运用', '清河大学考试资源库', '语文,古诗文默写,课堂基础', 10, 'APPROVED', 1, 1, 0),
    (15, 'YW-015', 2, '语文', 'TRUE_FALSE', 'HARD', '【语文第15题】文学常识是语文学科中的重要基础内容，需要结合具体条件进行判断。该表述是否正确？', '["正确","错误"]', '正确', '本题考查对文学常识基础概念的理解，判断题应重点关注关键词和限定条件。', '文学常识', '语言文字运用', '清河大学考试资源库', '语文,文学常识,课堂基础', 5, 'APPROVED', 1, 1, 0),
    (16, 'YW-016', 2, '语文', 'SHORT_ANSWER', 'EASY', '【语文第16题】请结合病句辨析，概述解决相关问题时需要关注的核心思路。', NULL, '参考答案：应围绕病句辨析的基本概念、关键条件、常见误区和应用场景进行作答。', '本题考查病句辨析的理解与表达能力，阅卷时重点关注概念准确性、逻辑完整性和学科术语使用。', '病句辨析', '语言文字运用', '清河大学考试资源库', '语文,病句辨析,课堂基础', 15, 'APPROVED', 1, 1, 0),
    (17, 'YW-017', 2, '语文', 'SINGLE_CHOICE', 'MEDIUM', '【语文第17题】关于现代文阅读的下列说法，最恰当的一项是？', '["选项一：符合教材结论","选项二：忽略关键条件","选项三：结论与题意不符","选项四：混淆核心概念"]', '选项一：符合教材结论', '本题考查语文学科中现代文阅读相关基础概念，应优先抓住教材中的核心定义和适用条件。', '现代文阅读', '语言文字运用', '清河大学考试资源库', '语文,现代文阅读,课堂基础', 5, 'APPROVED', 1, 1, 0),
    (18, 'YW-018', 2, '语文', 'MULTIPLE_CHOICE', 'HARD', '【语文第18题】围绕古诗文默写，下列哪些说法是正确的？', '["说法一：符合教材结论","说法二：忽略必要条件","说法三：符合题意要求","说法四：与常识明显冲突"]', '说法一：符合教材结论|说法三：符合题意要求', '本题考查古诗文默写的综合判断能力，需要同时识别正确结论和错误干扰项。', '古诗文默写', '语言文字运用', '清河大学考试资源库', '语文,古诗文默写,课堂基础', 10, 'APPROVED', 1, 1, 0),
    (19, 'YW-019', 2, '语文', 'TRUE_FALSE', 'EASY', '【语文第19题】文学常识是语文学科中的重要基础内容，需要结合具体条件进行判断。该表述是否正确？', '["正确","错误"]', '正确', '本题考查对文学常识基础概念的理解，判断题应重点关注关键词和限定条件。', '文学常识', '语言文字运用', '清河大学考试资源库', '语文,文学常识,课堂基础', 5, 'APPROVED', 1, 1, 0),
    (20, 'YW-020', 2, '语文', 'SHORT_ANSWER', 'MEDIUM', '【语文第20题】请结合病句辨析，概述解决相关问题时需要关注的核心思路。', NULL, '参考答案：应围绕病句辨析的基本概念、关键条件、常见误区和应用场景进行作答。', '本题考查病句辨析的理解与表达能力，阅卷时重点关注概念准确性、逻辑完整性和学科术语使用。', '病句辨析', '语言文字运用', '清河大学考试资源库', '语文,病句辨析,课堂基础', 15, 'APPROVED', 1, 1, 0),
    (21, 'YW-021', 2, '语文', 'SINGLE_CHOICE', 'HARD', '【语文第21题】关于现代文阅读的下列说法，最恰当的一项是？', '["选项一：符合教材结论","选项二：忽略关键条件","选项三：结论与题意不符","选项四：混淆核心概念"]', '选项一：符合教材结论', '本题考查语文学科中现代文阅读相关基础概念，应优先抓住教材中的核心定义和适用条件。', '现代文阅读', '语言文字运用', '清河大学考试资源库', '语文,现代文阅读,课堂基础', 5, 'APPROVED', 1, 1, 0),
    (22, 'YW-022', 2, '语文', 'MULTIPLE_CHOICE', 'EASY', '【语文第22题】围绕古诗文默写，下列哪些说法是正确的？', '["说法一：符合教材结论","说法二：忽略必要条件","说法三：符合题意要求","说法四：与常识明显冲突"]', '说法一：符合教材结论|说法三：符合题意要求', '本题考查古诗文默写的综合判断能力，需要同时识别正确结论和错误干扰项。', '古诗文默写', '语言文字运用', '清河大学考试资源库', '语文,古诗文默写,课堂基础', 10, 'APPROVED', 1, 1, 0),
    (23, 'YW-023', 2, '语文', 'TRUE_FALSE', 'MEDIUM', '【语文第23题】文学常识是语文学科中的重要基础内容，需要结合具体条件进行判断。该表述是否正确？', '["正确","错误"]', '正确', '本题考查对文学常识基础概念的理解，判断题应重点关注关键词和限定条件。', '文学常识', '语言文字运用', '清河大学考试资源库', '语文,文学常识,课堂基础', 5, 'APPROVED', 1, 1, 0),
    (24, 'YW-024', 2, '语文', 'SHORT_ANSWER', 'HARD', '【语文第24题】请结合病句辨析，概述解决相关问题时需要关注的核心思路。', NULL, '参考答案：应围绕病句辨析的基本概念、关键条件、常见误区和应用场景进行作答。', '本题考查病句辨析的理解与表达能力，阅卷时重点关注概念准确性、逻辑完整性和学科术语使用。', '病句辨析', '语言文字运用', '清河大学考试资源库', '语文,病句辨析,课堂基础', 15, 'APPROVED', 1, 1, 0),
    (25, 'YW-025', 2, '语文', 'SINGLE_CHOICE', 'EASY', '【语文第25题】关于现代文阅读的下列说法，最恰当的一项是？', '["选项一：符合教材结论","选项二：忽略关键条件","选项三：结论与题意不符","选项四：混淆核心概念"]', '选项一：符合教材结论', '本题考查语文学科中现代文阅读相关基础概念，应优先抓住教材中的核心定义和适用条件。', '现代文阅读', '语言文字运用', '清河大学考试资源库', '语文,现代文阅读,课堂基础', 5, 'APPROVED', 1, 1, 0),
    (26, 'YW-026', 2, '语文', 'MULTIPLE_CHOICE', 'MEDIUM', '【语文第26题】围绕古诗文默写，下列哪些说法是正确的？', '["说法一：符合教材结论","说法二：忽略必要条件","说法三：符合题意要求","说法四：与常识明显冲突"]', '说法一：符合教材结论|说法三：符合题意要求', '本题考查古诗文默写的综合判断能力，需要同时识别正确结论和错误干扰项。', '古诗文默写', '语言文字运用', '清河大学考试资源库', '语文,古诗文默写,课堂基础', 10, 'APPROVED', 1, 1, 0),
    (27, 'YW-027', 2, '语文', 'TRUE_FALSE', 'HARD', '【语文第27题】文学常识是语文学科中的重要基础内容，需要结合具体条件进行判断。该表述是否正确？', '["正确","错误"]', '正确', '本题考查对文学常识基础概念的理解，判断题应重点关注关键词和限定条件。', '文学常识', '语言文字运用', '清河大学考试资源库', '语文,文学常识,课堂基础', 5, 'APPROVED', 1, 1, 0),
    (28, 'YW-028', 2, '语文', 'SHORT_ANSWER', 'EASY', '【语文第28题】请结合病句辨析，概述解决相关问题时需要关注的核心思路。', NULL, '参考答案：应围绕病句辨析的基本概念、关键条件、常见误区和应用场景进行作答。', '本题考查病句辨析的理解与表达能力，阅卷时重点关注概念准确性、逻辑完整性和学科术语使用。', '病句辨析', '语言文字运用', '清河大学考试资源库', '语文,病句辨析,课堂基础', 15, 'APPROVED', 1, 1, 0),
    (29, 'YW-029', 2, '语文', 'SINGLE_CHOICE', 'MEDIUM', '【语文第29题】关于现代文阅读的下列说法，最恰当的一项是？', '["选项一：符合教材结论","选项二：忽略关键条件","选项三：结论与题意不符","选项四：混淆核心概念"]', '选项一：符合教材结论', '本题考查语文学科中现代文阅读相关基础概念，应优先抓住教材中的核心定义和适用条件。', '现代文阅读', '语言文字运用', '清河大学考试资源库', '语文,现代文阅读,课堂基础', 5, 'APPROVED', 1, 1, 0),
    (30, 'YW-030', 2, '语文', 'MULTIPLE_CHOICE', 'HARD', '【语文第30题】围绕古诗文默写，下列哪些说法是正确的？', '["说法一：符合教材结论","说法二：忽略必要条件","说法三：符合题意要求","说法四：与常识明显冲突"]', '说法一：符合教材结论|说法三：符合题意要求', '本题考查古诗文默写的综合判断能力，需要同时识别正确结论和错误干扰项。', '古诗文默写', '语言文字运用', '清河大学考试资源库', '语文,古诗文默写,课堂基础', 10, 'APPROVED', 1, 1, 0),
    (31, 'YW-031', 2, '语文', 'TRUE_FALSE', 'EASY', '【语文第31题】文学常识是语文学科中的重要基础内容，需要结合具体条件进行判断。该表述是否正确？', '["正确","错误"]', '正确', '本题考查对文学常识基础概念的理解，判断题应重点关注关键词和限定条件。', '文学常识', '语言文字运用', '清河大学考试资源库', '语文,文学常识,课堂基础', 5, 'APPROVED', 1, 1, 0),
    (32, 'YW-032', 2, '语文', 'SHORT_ANSWER', 'MEDIUM', '【语文第32题】请结合病句辨析，概述解决相关问题时需要关注的核心思路。', NULL, '参考答案：应围绕病句辨析的基本概念、关键条件、常见误区和应用场景进行作答。', '本题考查病句辨析的理解与表达能力，阅卷时重点关注概念准确性、逻辑完整性和学科术语使用。', '病句辨析', '语言文字运用', '清河大学考试资源库', '语文,病句辨析,课堂基础', 15, 'APPROVED', 1, 1, 0),
    (33, 'YW-033', 2, '语文', 'SINGLE_CHOICE', 'HARD', '【语文第33题】关于现代文阅读的下列说法，最恰当的一项是？', '["选项一：符合教材结论","选项二：忽略关键条件","选项三：结论与题意不符","选项四：混淆核心概念"]', '选项一：符合教材结论', '本题考查语文学科中现代文阅读相关基础概念，应优先抓住教材中的核心定义和适用条件。', '现代文阅读', '语言文字运用', '清河大学考试资源库', '语文,现代文阅读,课堂基础', 5, 'APPROVED', 1, 1, 0),
    (34, 'YW-034', 2, '语文', 'MULTIPLE_CHOICE', 'EASY', '【语文第34题】围绕古诗文默写，下列哪些说法是正确的？', '["说法一：符合教材结论","说法二：忽略必要条件","说法三：符合题意要求","说法四：与常识明显冲突"]', '说法一：符合教材结论|说法三：符合题意要求', '本题考查古诗文默写的综合判断能力，需要同时识别正确结论和错误干扰项。', '古诗文默写', '语言文字运用', '清河大学考试资源库', '语文,古诗文默写,课堂基础', 10, 'APPROVED', 1, 1, 0),
    (35, 'YW-035', 2, '语文', 'TRUE_FALSE', 'MEDIUM', '【语文第35题】文学常识是语文学科中的重要基础内容，需要结合具体条件进行判断。该表述是否正确？', '["正确","错误"]', '正确', '本题考查对文学常识基础概念的理解，判断题应重点关注关键词和限定条件。', '文学常识', '语言文字运用', '清河大学考试资源库', '语文,文学常识,课堂基础', 5, 'APPROVED', 1, 1, 0),
    (36, 'YW-036', 2, '语文', 'SHORT_ANSWER', 'HARD', '【语文第36题】请结合病句辨析，概述解决相关问题时需要关注的核心思路。', NULL, '参考答案：应围绕病句辨析的基本概念、关键条件、常见误区和应用场景进行作答。', '本题考查病句辨析的理解与表达能力，阅卷时重点关注概念准确性、逻辑完整性和学科术语使用。', '病句辨析', '语言文字运用', '清河大学考试资源库', '语文,病句辨析,课堂基础', 15, 'APPROVED', 1, 1, 0),
    (37, 'YW-037', 2, '语文', 'SINGLE_CHOICE', 'EASY', '【语文第37题】关于现代文阅读的下列说法，最恰当的一项是？', '["选项一：符合教材结论","选项二：忽略关键条件","选项三：结论与题意不符","选项四：混淆核心概念"]', '选项一：符合教材结论', '本题考查语文学科中现代文阅读相关基础概念，应优先抓住教材中的核心定义和适用条件。', '现代文阅读', '语言文字运用', '清河大学考试资源库', '语文,现代文阅读,课堂基础', 5, 'APPROVED', 1, 1, 0),
    (38, 'YW-038', 2, '语文', 'MULTIPLE_CHOICE', 'MEDIUM', '【语文第38题】围绕古诗文默写，下列哪些说法是正确的？', '["说法一：符合教材结论","说法二：忽略必要条件","说法三：符合题意要求","说法四：与常识明显冲突"]', '说法一：符合教材结论|说法三：符合题意要求', '本题考查古诗文默写的综合判断能力，需要同时识别正确结论和错误干扰项。', '古诗文默写', '语言文字运用', '清河大学考试资源库', '语文,古诗文默写,课堂基础', 10, 'APPROVED', 1, 1, 0),
    (39, 'YW-039', 2, '语文', 'TRUE_FALSE', 'HARD', '【语文第39题】文学常识是语文学科中的重要基础内容，需要结合具体条件进行判断。该表述是否正确？', '["正确","错误"]', '正确', '本题考查对文学常识基础概念的理解，判断题应重点关注关键词和限定条件。', '文学常识', '语言文字运用', '清河大学考试资源库', '语文,文学常识,课堂基础', 5, 'APPROVED', 1, 1, 0),
    (40, 'YW-040', 2, '语文', 'SHORT_ANSWER', 'EASY', '【语文第40题】请结合病句辨析，概述解决相关问题时需要关注的核心思路。', NULL, '参考答案：应围绕病句辨析的基本概念、关键条件、常见误区和应用场景进行作答。', '本题考查病句辨析的理解与表达能力，阅卷时重点关注概念准确性、逻辑完整性和学科术语使用。', '病句辨析', '语言文字运用', '清河大学考试资源库', '语文,病句辨析,课堂基础', 15, 'APPROVED', 1, 1, 0),
    (41, 'SX-001', 3, '数学', 'SINGLE_CHOICE', 'EASY', '【数学第01题】关于函数的下列说法，最恰当的一项是？', '["选项一：符合教材结论","选项二：忽略关键条件","选项三：结论与题意不符","选项四：混淆核心概念"]', '选项一：符合教材结论', '本题考查数学学科中函数相关基础概念，应优先抓住教材中的核心定义和适用条件。', '函数', '函数与方程', '清河大学考试资源库', '数学,函数,课堂基础', 5, 'APPROVED', 1, 1, 0),
    (42, 'SX-002', 3, '数学', 'MULTIPLE_CHOICE', 'MEDIUM', '【数学第02题】围绕集合，下列哪些说法是正确的？', '["说法一：符合教材结论","说法二：忽略必要条件","说法三：符合题意要求","说法四：与常识明显冲突"]', '说法一：符合教材结论|说法三：符合题意要求', '本题考查集合的综合判断能力，需要同时识别正确结论和错误干扰项。', '集合', '函数与方程', '清河大学考试资源库', '数学,集合,课堂基础', 10, 'APPROVED', 1, 1, 0),
    (43, 'SX-003', 3, '数学', 'TRUE_FALSE', 'HARD', '【数学第03题】数列是数学学科中的重要基础内容，需要结合具体条件进行判断。该表述是否正确？', '["正确","错误"]', '正确', '本题考查对数列基础概念的理解，判断题应重点关注关键词和限定条件。', '数列', '函数与方程', '清河大学考试资源库', '数学,数列,课堂基础', 5, 'APPROVED', 1, 1, 0),
    (44, 'SX-004', 3, '数学', 'SHORT_ANSWER', 'EASY', '【数学第04题】请结合解析几何，概述解决相关问题时需要关注的核心思路。', NULL, '参考答案：应围绕解析几何的基本概念、关键条件、常见误区和应用场景进行作答。', '本题考查解析几何的理解与表达能力，阅卷时重点关注概念准确性、逻辑完整性和学科术语使用。', '解析几何', '函数与方程', '清河大学考试资源库', '数学,解析几何,课堂基础', 15, 'APPROVED', 1, 1, 0),
    (45, 'SX-005', 3, '数学', 'SINGLE_CHOICE', 'MEDIUM', '【数学第05题】关于函数的下列说法，最恰当的一项是？', '["选项一：符合教材结论","选项二：忽略关键条件","选项三：结论与题意不符","选项四：混淆核心概念"]', '选项一：符合教材结论', '本题考查数学学科中函数相关基础概念，应优先抓住教材中的核心定义和适用条件。', '函数', '函数与方程', '清河大学考试资源库', '数学,函数,课堂基础', 5, 'APPROVED', 1, 1, 0),
    (46, 'SX-006', 3, '数学', 'MULTIPLE_CHOICE', 'HARD', '【数学第06题】围绕集合，下列哪些说法是正确的？', '["说法一：符合教材结论","说法二：忽略必要条件","说法三：符合题意要求","说法四：与常识明显冲突"]', '说法一：符合教材结论|说法三：符合题意要求', '本题考查集合的综合判断能力，需要同时识别正确结论和错误干扰项。', '集合', '函数与方程', '清河大学考试资源库', '数学,集合,课堂基础', 10, 'APPROVED', 1, 1, 0),
    (47, 'SX-007', 3, '数学', 'TRUE_FALSE', 'EASY', '【数学第07题】数列是数学学科中的重要基础内容，需要结合具体条件进行判断。该表述是否正确？', '["正确","错误"]', '正确', '本题考查对数列基础概念的理解，判断题应重点关注关键词和限定条件。', '数列', '函数与方程', '清河大学考试资源库', '数学,数列,课堂基础', 5, 'APPROVED', 1, 1, 0),
    (48, 'SX-008', 3, '数学', 'SHORT_ANSWER', 'MEDIUM', '【数学第08题】请结合解析几何，概述解决相关问题时需要关注的核心思路。', NULL, '参考答案：应围绕解析几何的基本概念、关键条件、常见误区和应用场景进行作答。', '本题考查解析几何的理解与表达能力，阅卷时重点关注概念准确性、逻辑完整性和学科术语使用。', '解析几何', '函数与方程', '清河大学考试资源库', '数学,解析几何,课堂基础', 15, 'APPROVED', 1, 1, 0),
    (49, 'SX-009', 3, '数学', 'SINGLE_CHOICE', 'HARD', '【数学第09题】关于函数的下列说法，最恰当的一项是？', '["选项一：符合教材结论","选项二：忽略关键条件","选项三：结论与题意不符","选项四：混淆核心概念"]', '选项一：符合教材结论', '本题考查数学学科中函数相关基础概念，应优先抓住教材中的核心定义和适用条件。', '函数', '函数与方程', '清河大学考试资源库', '数学,函数,课堂基础', 5, 'APPROVED', 1, 1, 0),
    (50, 'SX-010', 3, '数学', 'MULTIPLE_CHOICE', 'EASY', '【数学第10题】围绕集合，下列哪些说法是正确的？', '["说法一：符合教材结论","说法二：忽略必要条件","说法三：符合题意要求","说法四：与常识明显冲突"]', '说法一：符合教材结论|说法三：符合题意要求', '本题考查集合的综合判断能力，需要同时识别正确结论和错误干扰项。', '集合', '函数与方程', '清河大学考试资源库', '数学,集合,课堂基础', 10, 'APPROVED', 1, 1, 0),
    (51, 'SX-011', 3, '数学', 'TRUE_FALSE', 'MEDIUM', '【数学第11题】数列是数学学科中的重要基础内容，需要结合具体条件进行判断。该表述是否正确？', '["正确","错误"]', '正确', '本题考查对数列基础概念的理解，判断题应重点关注关键词和限定条件。', '数列', '函数与方程', '清河大学考试资源库', '数学,数列,课堂基础', 5, 'APPROVED', 1, 1, 0),
    (52, 'SX-012', 3, '数学', 'SHORT_ANSWER', 'HARD', '【数学第12题】请结合解析几何，概述解决相关问题时需要关注的核心思路。', NULL, '参考答案：应围绕解析几何的基本概念、关键条件、常见误区和应用场景进行作答。', '本题考查解析几何的理解与表达能力，阅卷时重点关注概念准确性、逻辑完整性和学科术语使用。', '解析几何', '函数与方程', '清河大学考试资源库', '数学,解析几何,课堂基础', 15, 'APPROVED', 1, 1, 0),
    (53, 'SX-013', 3, '数学', 'SINGLE_CHOICE', 'EASY', '【数学第13题】关于函数的下列说法，最恰当的一项是？', '["选项一：符合教材结论","选项二：忽略关键条件","选项三：结论与题意不符","选项四：混淆核心概念"]', '选项一：符合教材结论', '本题考查数学学科中函数相关基础概念，应优先抓住教材中的核心定义和适用条件。', '函数', '函数与方程', '清河大学考试资源库', '数学,函数,课堂基础', 5, 'APPROVED', 1, 1, 0),
    (54, 'SX-014', 3, '数学', 'MULTIPLE_CHOICE', 'MEDIUM', '【数学第14题】围绕集合，下列哪些说法是正确的？', '["说法一：符合教材结论","说法二：忽略必要条件","说法三：符合题意要求","说法四：与常识明显冲突"]', '说法一：符合教材结论|说法三：符合题意要求', '本题考查集合的综合判断能力，需要同时识别正确结论和错误干扰项。', '集合', '函数与方程', '清河大学考试资源库', '数学,集合,课堂基础', 10, 'APPROVED', 1, 1, 0),
    (55, 'SX-015', 3, '数学', 'TRUE_FALSE', 'HARD', '【数学第15题】数列是数学学科中的重要基础内容，需要结合具体条件进行判断。该表述是否正确？', '["正确","错误"]', '正确', '本题考查对数列基础概念的理解，判断题应重点关注关键词和限定条件。', '数列', '函数与方程', '清河大学考试资源库', '数学,数列,课堂基础', 5, 'APPROVED', 1, 1, 0),
    (56, 'SX-016', 3, '数学', 'SHORT_ANSWER', 'EASY', '【数学第16题】请结合解析几何，概述解决相关问题时需要关注的核心思路。', NULL, '参考答案：应围绕解析几何的基本概念、关键条件、常见误区和应用场景进行作答。', '本题考查解析几何的理解与表达能力，阅卷时重点关注概念准确性、逻辑完整性和学科术语使用。', '解析几何', '函数与方程', '清河大学考试资源库', '数学,解析几何,课堂基础', 15, 'APPROVED', 1, 1, 0),
    (57, 'SX-017', 3, '数学', 'SINGLE_CHOICE', 'MEDIUM', '【数学第17题】关于函数的下列说法，最恰当的一项是？', '["选项一：符合教材结论","选项二：忽略关键条件","选项三：结论与题意不符","选项四：混淆核心概念"]', '选项一：符合教材结论', '本题考查数学学科中函数相关基础概念，应优先抓住教材中的核心定义和适用条件。', '函数', '函数与方程', '清河大学考试资源库', '数学,函数,课堂基础', 5, 'APPROVED', 1, 1, 0),
    (58, 'SX-018', 3, '数学', 'MULTIPLE_CHOICE', 'HARD', '【数学第18题】围绕集合，下列哪些说法是正确的？', '["说法一：符合教材结论","说法二：忽略必要条件","说法三：符合题意要求","说法四：与常识明显冲突"]', '说法一：符合教材结论|说法三：符合题意要求', '本题考查集合的综合判断能力，需要同时识别正确结论和错误干扰项。', '集合', '函数与方程', '清河大学考试资源库', '数学,集合,课堂基础', 10, 'APPROVED', 1, 1, 0),
    (59, 'SX-019', 3, '数学', 'TRUE_FALSE', 'EASY', '【数学第19题】数列是数学学科中的重要基础内容，需要结合具体条件进行判断。该表述是否正确？', '["正确","错误"]', '正确', '本题考查对数列基础概念的理解，判断题应重点关注关键词和限定条件。', '数列', '函数与方程', '清河大学考试资源库', '数学,数列,课堂基础', 5, 'APPROVED', 1, 1, 0),
    (60, 'SX-020', 3, '数学', 'SHORT_ANSWER', 'MEDIUM', '【数学第20题】请结合解析几何，概述解决相关问题时需要关注的核心思路。', NULL, '参考答案：应围绕解析几何的基本概念、关键条件、常见误区和应用场景进行作答。', '本题考查解析几何的理解与表达能力，阅卷时重点关注概念准确性、逻辑完整性和学科术语使用。', '解析几何', '函数与方程', '清河大学考试资源库', '数学,解析几何,课堂基础', 15, 'APPROVED', 1, 1, 0),
    (61, 'SX-021', 3, '数学', 'SINGLE_CHOICE', 'HARD', '【数学第21题】关于函数的下列说法，最恰当的一项是？', '["选项一：符合教材结论","选项二：忽略关键条件","选项三：结论与题意不符","选项四：混淆核心概念"]', '选项一：符合教材结论', '本题考查数学学科中函数相关基础概念，应优先抓住教材中的核心定义和适用条件。', '函数', '函数与方程', '清河大学考试资源库', '数学,函数,课堂基础', 5, 'APPROVED', 1, 1, 0),
    (62, 'SX-022', 3, '数学', 'MULTIPLE_CHOICE', 'EASY', '【数学第22题】围绕集合，下列哪些说法是正确的？', '["说法一：符合教材结论","说法二：忽略必要条件","说法三：符合题意要求","说法四：与常识明显冲突"]', '说法一：符合教材结论|说法三：符合题意要求', '本题考查集合的综合判断能力，需要同时识别正确结论和错误干扰项。', '集合', '函数与方程', '清河大学考试资源库', '数学,集合,课堂基础', 10, 'APPROVED', 1, 1, 0),
    (63, 'SX-023', 3, '数学', 'TRUE_FALSE', 'MEDIUM', '【数学第23题】数列是数学学科中的重要基础内容，需要结合具体条件进行判断。该表述是否正确？', '["正确","错误"]', '正确', '本题考查对数列基础概念的理解，判断题应重点关注关键词和限定条件。', '数列', '函数与方程', '清河大学考试资源库', '数学,数列,课堂基础', 5, 'APPROVED', 1, 1, 0),
    (64, 'SX-024', 3, '数学', 'SHORT_ANSWER', 'HARD', '【数学第24题】请结合解析几何，概述解决相关问题时需要关注的核心思路。', NULL, '参考答案：应围绕解析几何的基本概念、关键条件、常见误区和应用场景进行作答。', '本题考查解析几何的理解与表达能力，阅卷时重点关注概念准确性、逻辑完整性和学科术语使用。', '解析几何', '函数与方程', '清河大学考试资源库', '数学,解析几何,课堂基础', 15, 'APPROVED', 1, 1, 0),
    (65, 'SX-025', 3, '数学', 'SINGLE_CHOICE', 'EASY', '【数学第25题】关于函数的下列说法，最恰当的一项是？', '["选项一：符合教材结论","选项二：忽略关键条件","选项三：结论与题意不符","选项四：混淆核心概念"]', '选项一：符合教材结论', '本题考查数学学科中函数相关基础概念，应优先抓住教材中的核心定义和适用条件。', '函数', '函数与方程', '清河大学考试资源库', '数学,函数,课堂基础', 5, 'APPROVED', 1, 1, 0),
    (66, 'SX-026', 3, '数学', 'MULTIPLE_CHOICE', 'MEDIUM', '【数学第26题】围绕集合，下列哪些说法是正确的？', '["说法一：符合教材结论","说法二：忽略必要条件","说法三：符合题意要求","说法四：与常识明显冲突"]', '说法一：符合教材结论|说法三：符合题意要求', '本题考查集合的综合判断能力，需要同时识别正确结论和错误干扰项。', '集合', '函数与方程', '清河大学考试资源库', '数学,集合,课堂基础', 10, 'APPROVED', 1, 1, 0),
    (67, 'SX-027', 3, '数学', 'TRUE_FALSE', 'HARD', '【数学第27题】数列是数学学科中的重要基础内容，需要结合具体条件进行判断。该表述是否正确？', '["正确","错误"]', '正确', '本题考查对数列基础概念的理解，判断题应重点关注关键词和限定条件。', '数列', '函数与方程', '清河大学考试资源库', '数学,数列,课堂基础', 5, 'APPROVED', 1, 1, 0),
    (68, 'SX-028', 3, '数学', 'SHORT_ANSWER', 'EASY', '【数学第28题】请结合解析几何，概述解决相关问题时需要关注的核心思路。', NULL, '参考答案：应围绕解析几何的基本概念、关键条件、常见误区和应用场景进行作答。', '本题考查解析几何的理解与表达能力，阅卷时重点关注概念准确性、逻辑完整性和学科术语使用。', '解析几何', '函数与方程', '清河大学考试资源库', '数学,解析几何,课堂基础', 15, 'APPROVED', 1, 1, 0),
    (69, 'SX-029', 3, '数学', 'SINGLE_CHOICE', 'MEDIUM', '【数学第29题】关于函数的下列说法，最恰当的一项是？', '["选项一：符合教材结论","选项二：忽略关键条件","选项三：结论与题意不符","选项四：混淆核心概念"]', '选项一：符合教材结论', '本题考查数学学科中函数相关基础概念，应优先抓住教材中的核心定义和适用条件。', '函数', '函数与方程', '清河大学考试资源库', '数学,函数,课堂基础', 5, 'APPROVED', 1, 1, 0),
    (70, 'SX-030', 3, '数学', 'MULTIPLE_CHOICE', 'HARD', '【数学第30题】围绕集合，下列哪些说法是正确的？', '["说法一：符合教材结论","说法二：忽略必要条件","说法三：符合题意要求","说法四：与常识明显冲突"]', '说法一：符合教材结论|说法三：符合题意要求', '本题考查集合的综合判断能力，需要同时识别正确结论和错误干扰项。', '集合', '函数与方程', '清河大学考试资源库', '数学,集合,课堂基础', 10, 'APPROVED', 1, 1, 0),
    (71, 'SX-031', 3, '数学', 'TRUE_FALSE', 'EASY', '【数学第31题】数列是数学学科中的重要基础内容，需要结合具体条件进行判断。该表述是否正确？', '["正确","错误"]', '正确', '本题考查对数列基础概念的理解，判断题应重点关注关键词和限定条件。', '数列', '函数与方程', '清河大学考试资源库', '数学,数列,课堂基础', 5, 'APPROVED', 1, 1, 0),
    (72, 'SX-032', 3, '数学', 'SHORT_ANSWER', 'MEDIUM', '【数学第32题】请结合解析几何，概述解决相关问题时需要关注的核心思路。', NULL, '参考答案：应围绕解析几何的基本概念、关键条件、常见误区和应用场景进行作答。', '本题考查解析几何的理解与表达能力，阅卷时重点关注概念准确性、逻辑完整性和学科术语使用。', '解析几何', '函数与方程', '清河大学考试资源库', '数学,解析几何,课堂基础', 15, 'APPROVED', 1, 1, 0),
    (73, 'SX-033', 3, '数学', 'SINGLE_CHOICE', 'HARD', '【数学第33题】关于函数的下列说法，最恰当的一项是？', '["选项一：符合教材结论","选项二：忽略关键条件","选项三：结论与题意不符","选项四：混淆核心概念"]', '选项一：符合教材结论', '本题考查数学学科中函数相关基础概念，应优先抓住教材中的核心定义和适用条件。', '函数', '函数与方程', '清河大学考试资源库', '数学,函数,课堂基础', 5, 'APPROVED', 1, 1, 0),
    (74, 'SX-034', 3, '数学', 'MULTIPLE_CHOICE', 'EASY', '【数学第34题】围绕集合，下列哪些说法是正确的？', '["说法一：符合教材结论","说法二：忽略必要条件","说法三：符合题意要求","说法四：与常识明显冲突"]', '说法一：符合教材结论|说法三：符合题意要求', '本题考查集合的综合判断能力，需要同时识别正确结论和错误干扰项。', '集合', '函数与方程', '清河大学考试资源库', '数学,集合,课堂基础', 10, 'APPROVED', 1, 1, 0),
    (75, 'SX-035', 3, '数学', 'TRUE_FALSE', 'MEDIUM', '【数学第35题】数列是数学学科中的重要基础内容，需要结合具体条件进行判断。该表述是否正确？', '["正确","错误"]', '正确', '本题考查对数列基础概念的理解，判断题应重点关注关键词和限定条件。', '数列', '函数与方程', '清河大学考试资源库', '数学,数列,课堂基础', 5, 'APPROVED', 1, 1, 0),
    (76, 'SX-036', 3, '数学', 'SHORT_ANSWER', 'HARD', '【数学第36题】请结合解析几何，概述解决相关问题时需要关注的核心思路。', NULL, '参考答案：应围绕解析几何的基本概念、关键条件、常见误区和应用场景进行作答。', '本题考查解析几何的理解与表达能力，阅卷时重点关注概念准确性、逻辑完整性和学科术语使用。', '解析几何', '函数与方程', '清河大学考试资源库', '数学,解析几何,课堂基础', 15, 'APPROVED', 1, 1, 0),
    (77, 'SX-037', 3, '数学', 'SINGLE_CHOICE', 'EASY', '【数学第37题】关于函数的下列说法，最恰当的一项是？', '["选项一：符合教材结论","选项二：忽略关键条件","选项三：结论与题意不符","选项四：混淆核心概念"]', '选项一：符合教材结论', '本题考查数学学科中函数相关基础概念，应优先抓住教材中的核心定义和适用条件。', '函数', '函数与方程', '清河大学考试资源库', '数学,函数,课堂基础', 5, 'APPROVED', 1, 1, 0),
    (78, 'SX-038', 3, '数学', 'MULTIPLE_CHOICE', 'MEDIUM', '【数学第38题】围绕集合，下列哪些说法是正确的？', '["说法一：符合教材结论","说法二：忽略必要条件","说法三：符合题意要求","说法四：与常识明显冲突"]', '说法一：符合教材结论|说法三：符合题意要求', '本题考查集合的综合判断能力，需要同时识别正确结论和错误干扰项。', '集合', '函数与方程', '清河大学考试资源库', '数学,集合,课堂基础', 10, 'APPROVED', 1, 1, 0),
    (79, 'SX-039', 3, '数学', 'TRUE_FALSE', 'HARD', '【数学第39题】数列是数学学科中的重要基础内容，需要结合具体条件进行判断。该表述是否正确？', '["正确","错误"]', '正确', '本题考查对数列基础概念的理解，判断题应重点关注关键词和限定条件。', '数列', '函数与方程', '清河大学考试资源库', '数学,数列,课堂基础', 5, 'APPROVED', 1, 1, 0),
    (80, 'SX-040', 3, '数学', 'SHORT_ANSWER', 'EASY', '【数学第40题】请结合解析几何，概述解决相关问题时需要关注的核心思路。', NULL, '参考答案：应围绕解析几何的基本概念、关键条件、常见误区和应用场景进行作答。', '本题考查解析几何的理解与表达能力，阅卷时重点关注概念准确性、逻辑完整性和学科术语使用。', '解析几何', '函数与方程', '清河大学考试资源库', '数学,解析几何,课堂基础', 15, 'APPROVED', 1, 1, 0),
    (81, 'YY-001', 4, '英语', 'SINGLE_CHOICE', 'EASY', '【英语第01题】关于词汇语法的下列说法，最恰当的一项是？', '["选项一：符合教材结论","选项二：忽略关键条件","选项三：结论与题意不符","选项四：混淆核心概念"]', '选项一：符合教材结论', '本题考查英语学科中词汇语法相关基础概念，应优先抓住教材中的核心定义和适用条件。', '词汇语法', '词汇与语法', '清河大学考试资源库', '英语,词汇语法,课堂基础', 5, 'APPROVED', 1, 1, 0),
    (82, 'YY-002', 4, '英语', 'MULTIPLE_CHOICE', 'MEDIUM', '【英语第02题】围绕阅读理解，下列哪些说法是正确的？', '["说法一：符合教材结论","说法二：忽略必要条件","说法三：符合题意要求","说法四：与常识明显冲突"]', '说法一：符合教材结论|说法三：符合题意要求', '本题考查阅读理解的综合判断能力，需要同时识别正确结论和错误干扰项。', '阅读理解', '词汇与语法', '清河大学考试资源库', '英语,阅读理解,课堂基础', 10, 'APPROVED', 1, 1, 0),
    (83, 'YY-003', 4, '英语', 'TRUE_FALSE', 'HARD', '【英语第03题】完形填空是英语学科中的重要基础内容，需要结合具体条件进行判断。该表述是否正确？', '["正确","错误"]', '正确', '本题考查对完形填空基础概念的理解，判断题应重点关注关键词和限定条件。', '完形填空', '词汇与语法', '清河大学考试资源库', '英语,完形填空,课堂基础', 5, 'APPROVED', 1, 1, 0),
    (84, 'YY-004', 4, '英语', 'SHORT_ANSWER', 'EASY', '【英语第04题】请结合写作表达，概述解决相关问题时需要关注的核心思路。', NULL, '参考答案：应围绕写作表达的基本概念、关键条件、常见误区和应用场景进行作答。', '本题考查写作表达的理解与表达能力，阅卷时重点关注概念准确性、逻辑完整性和学科术语使用。', '写作表达', '词汇与语法', '清河大学考试资源库', '英语,写作表达,课堂基础', 15, 'APPROVED', 1, 1, 0),
    (85, 'YY-005', 4, '英语', 'SINGLE_CHOICE', 'MEDIUM', '【英语第05题】关于词汇语法的下列说法，最恰当的一项是？', '["选项一：符合教材结论","选项二：忽略关键条件","选项三：结论与题意不符","选项四：混淆核心概念"]', '选项一：符合教材结论', '本题考查英语学科中词汇语法相关基础概念，应优先抓住教材中的核心定义和适用条件。', '词汇语法', '词汇与语法', '清河大学考试资源库', '英语,词汇语法,课堂基础', 5, 'APPROVED', 1, 1, 0),
    (86, 'YY-006', 4, '英语', 'MULTIPLE_CHOICE', 'HARD', '【英语第06题】围绕阅读理解，下列哪些说法是正确的？', '["说法一：符合教材结论","说法二：忽略必要条件","说法三：符合题意要求","说法四：与常识明显冲突"]', '说法一：符合教材结论|说法三：符合题意要求', '本题考查阅读理解的综合判断能力，需要同时识别正确结论和错误干扰项。', '阅读理解', '词汇与语法', '清河大学考试资源库', '英语,阅读理解,课堂基础', 10, 'APPROVED', 1, 1, 0),
    (87, 'YY-007', 4, '英语', 'TRUE_FALSE', 'EASY', '【英语第07题】完形填空是英语学科中的重要基础内容，需要结合具体条件进行判断。该表述是否正确？', '["正确","错误"]', '正确', '本题考查对完形填空基础概念的理解，判断题应重点关注关键词和限定条件。', '完形填空', '词汇与语法', '清河大学考试资源库', '英语,完形填空,课堂基础', 5, 'APPROVED', 1, 1, 0),
    (88, 'YY-008', 4, '英语', 'SHORT_ANSWER', 'MEDIUM', '【英语第08题】请结合写作表达，概述解决相关问题时需要关注的核心思路。', NULL, '参考答案：应围绕写作表达的基本概念、关键条件、常见误区和应用场景进行作答。', '本题考查写作表达的理解与表达能力，阅卷时重点关注概念准确性、逻辑完整性和学科术语使用。', '写作表达', '词汇与语法', '清河大学考试资源库', '英语,写作表达,课堂基础', 15, 'APPROVED', 1, 1, 0),
    (89, 'YY-009', 4, '英语', 'SINGLE_CHOICE', 'HARD', '【英语第09题】关于词汇语法的下列说法，最恰当的一项是？', '["选项一：符合教材结论","选项二：忽略关键条件","选项三：结论与题意不符","选项四：混淆核心概念"]', '选项一：符合教材结论', '本题考查英语学科中词汇语法相关基础概念，应优先抓住教材中的核心定义和适用条件。', '词汇语法', '词汇与语法', '清河大学考试资源库', '英语,词汇语法,课堂基础', 5, 'APPROVED', 1, 1, 0),
    (90, 'YY-010', 4, '英语', 'MULTIPLE_CHOICE', 'EASY', '【英语第10题】围绕阅读理解，下列哪些说法是正确的？', '["说法一：符合教材结论","说法二：忽略必要条件","说法三：符合题意要求","说法四：与常识明显冲突"]', '说法一：符合教材结论|说法三：符合题意要求', '本题考查阅读理解的综合判断能力，需要同时识别正确结论和错误干扰项。', '阅读理解', '词汇与语法', '清河大学考试资源库', '英语,阅读理解,课堂基础', 10, 'APPROVED', 1, 1, 0),
    (91, 'YY-011', 4, '英语', 'TRUE_FALSE', 'MEDIUM', '【英语第11题】完形填空是英语学科中的重要基础内容，需要结合具体条件进行判断。该表述是否正确？', '["正确","错误"]', '正确', '本题考查对完形填空基础概念的理解，判断题应重点关注关键词和限定条件。', '完形填空', '词汇与语法', '清河大学考试资源库', '英语,完形填空,课堂基础', 5, 'APPROVED', 1, 1, 0),
    (92, 'YY-012', 4, '英语', 'SHORT_ANSWER', 'HARD', '【英语第12题】请结合写作表达，概述解决相关问题时需要关注的核心思路。', NULL, '参考答案：应围绕写作表达的基本概念、关键条件、常见误区和应用场景进行作答。', '本题考查写作表达的理解与表达能力，阅卷时重点关注概念准确性、逻辑完整性和学科术语使用。', '写作表达', '词汇与语法', '清河大学考试资源库', '英语,写作表达,课堂基础', 15, 'APPROVED', 1, 1, 0),
    (93, 'YY-013', 4, '英语', 'SINGLE_CHOICE', 'EASY', '【英语第13题】关于词汇语法的下列说法，最恰当的一项是？', '["选项一：符合教材结论","选项二：忽略关键条件","选项三：结论与题意不符","选项四：混淆核心概念"]', '选项一：符合教材结论', '本题考查英语学科中词汇语法相关基础概念，应优先抓住教材中的核心定义和适用条件。', '词汇语法', '词汇与语法', '清河大学考试资源库', '英语,词汇语法,课堂基础', 5, 'APPROVED', 1, 1, 0),
    (94, 'YY-014', 4, '英语', 'MULTIPLE_CHOICE', 'MEDIUM', '【英语第14题】围绕阅读理解，下列哪些说法是正确的？', '["说法一：符合教材结论","说法二：忽略必要条件","说法三：符合题意要求","说法四：与常识明显冲突"]', '说法一：符合教材结论|说法三：符合题意要求', '本题考查阅读理解的综合判断能力，需要同时识别正确结论和错误干扰项。', '阅读理解', '词汇与语法', '清河大学考试资源库', '英语,阅读理解,课堂基础', 10, 'APPROVED', 1, 1, 0),
    (95, 'YY-015', 4, '英语', 'TRUE_FALSE', 'HARD', '【英语第15题】完形填空是英语学科中的重要基础内容，需要结合具体条件进行判断。该表述是否正确？', '["正确","错误"]', '正确', '本题考查对完形填空基础概念的理解，判断题应重点关注关键词和限定条件。', '完形填空', '词汇与语法', '清河大学考试资源库', '英语,完形填空,课堂基础', 5, 'APPROVED', 1, 1, 0),
    (96, 'YY-016', 4, '英语', 'SHORT_ANSWER', 'EASY', '【英语第16题】请结合写作表达，概述解决相关问题时需要关注的核心思路。', NULL, '参考答案：应围绕写作表达的基本概念、关键条件、常见误区和应用场景进行作答。', '本题考查写作表达的理解与表达能力，阅卷时重点关注概念准确性、逻辑完整性和学科术语使用。', '写作表达', '词汇与语法', '清河大学考试资源库', '英语,写作表达,课堂基础', 15, 'APPROVED', 1, 1, 0),
    (97, 'YY-017', 4, '英语', 'SINGLE_CHOICE', 'MEDIUM', '【英语第17题】关于词汇语法的下列说法，最恰当的一项是？', '["选项一：符合教材结论","选项二：忽略关键条件","选项三：结论与题意不符","选项四：混淆核心概念"]', '选项一：符合教材结论', '本题考查英语学科中词汇语法相关基础概念，应优先抓住教材中的核心定义和适用条件。', '词汇语法', '词汇与语法', '清河大学考试资源库', '英语,词汇语法,课堂基础', 5, 'APPROVED', 1, 1, 0),
    (98, 'YY-018', 4, '英语', 'MULTIPLE_CHOICE', 'HARD', '【英语第18题】围绕阅读理解，下列哪些说法是正确的？', '["说法一：符合教材结论","说法二：忽略必要条件","说法三：符合题意要求","说法四：与常识明显冲突"]', '说法一：符合教材结论|说法三：符合题意要求', '本题考查阅读理解的综合判断能力，需要同时识别正确结论和错误干扰项。', '阅读理解', '词汇与语法', '清河大学考试资源库', '英语,阅读理解,课堂基础', 10, 'APPROVED', 1, 1, 0),
    (99, 'YY-019', 4, '英语', 'TRUE_FALSE', 'EASY', '【英语第19题】完形填空是英语学科中的重要基础内容，需要结合具体条件进行判断。该表述是否正确？', '["正确","错误"]', '正确', '本题考查对完形填空基础概念的理解，判断题应重点关注关键词和限定条件。', '完形填空', '词汇与语法', '清河大学考试资源库', '英语,完形填空,课堂基础', 5, 'APPROVED', 1, 1, 0),
    (100, 'YY-020', 4, '英语', 'SHORT_ANSWER', 'MEDIUM', '【英语第20题】请结合写作表达，概述解决相关问题时需要关注的核心思路。', NULL, '参考答案：应围绕写作表达的基本概念、关键条件、常见误区和应用场景进行作答。', '本题考查写作表达的理解与表达能力，阅卷时重点关注概念准确性、逻辑完整性和学科术语使用。', '写作表达', '词汇与语法', '清河大学考试资源库', '英语,写作表达,课堂基础', 15, 'APPROVED', 1, 1, 0),
    (101, 'YY-021', 4, '英语', 'SINGLE_CHOICE', 'HARD', '【英语第21题】关于词汇语法的下列说法，最恰当的一项是？', '["选项一：符合教材结论","选项二：忽略关键条件","选项三：结论与题意不符","选项四：混淆核心概念"]', '选项一：符合教材结论', '本题考查英语学科中词汇语法相关基础概念，应优先抓住教材中的核心定义和适用条件。', '词汇语法', '词汇与语法', '清河大学考试资源库', '英语,词汇语法,课堂基础', 5, 'APPROVED', 1, 1, 0),
    (102, 'YY-022', 4, '英语', 'MULTIPLE_CHOICE', 'EASY', '【英语第22题】围绕阅读理解，下列哪些说法是正确的？', '["说法一：符合教材结论","说法二：忽略必要条件","说法三：符合题意要求","说法四：与常识明显冲突"]', '说法一：符合教材结论|说法三：符合题意要求', '本题考查阅读理解的综合判断能力，需要同时识别正确结论和错误干扰项。', '阅读理解', '词汇与语法', '清河大学考试资源库', '英语,阅读理解,课堂基础', 10, 'APPROVED', 1, 1, 0),
    (103, 'YY-023', 4, '英语', 'TRUE_FALSE', 'MEDIUM', '【英语第23题】完形填空是英语学科中的重要基础内容，需要结合具体条件进行判断。该表述是否正确？', '["正确","错误"]', '正确', '本题考查对完形填空基础概念的理解，判断题应重点关注关键词和限定条件。', '完形填空', '词汇与语法', '清河大学考试资源库', '英语,完形填空,课堂基础', 5, 'APPROVED', 1, 1, 0),
    (104, 'YY-024', 4, '英语', 'SHORT_ANSWER', 'HARD', '【英语第24题】请结合写作表达，概述解决相关问题时需要关注的核心思路。', NULL, '参考答案：应围绕写作表达的基本概念、关键条件、常见误区和应用场景进行作答。', '本题考查写作表达的理解与表达能力，阅卷时重点关注概念准确性、逻辑完整性和学科术语使用。', '写作表达', '词汇与语法', '清河大学考试资源库', '英语,写作表达,课堂基础', 15, 'APPROVED', 1, 1, 0),
    (105, 'YY-025', 4, '英语', 'SINGLE_CHOICE', 'EASY', '【英语第25题】关于词汇语法的下列说法，最恰当的一项是？', '["选项一：符合教材结论","选项二：忽略关键条件","选项三：结论与题意不符","选项四：混淆核心概念"]', '选项一：符合教材结论', '本题考查英语学科中词汇语法相关基础概念，应优先抓住教材中的核心定义和适用条件。', '词汇语法', '词汇与语法', '清河大学考试资源库', '英语,词汇语法,课堂基础', 5, 'APPROVED', 1, 1, 0),
    (106, 'YY-026', 4, '英语', 'MULTIPLE_CHOICE', 'MEDIUM', '【英语第26题】围绕阅读理解，下列哪些说法是正确的？', '["说法一：符合教材结论","说法二：忽略必要条件","说法三：符合题意要求","说法四：与常识明显冲突"]', '说法一：符合教材结论|说法三：符合题意要求', '本题考查阅读理解的综合判断能力，需要同时识别正确结论和错误干扰项。', '阅读理解', '词汇与语法', '清河大学考试资源库', '英语,阅读理解,课堂基础', 10, 'APPROVED', 1, 1, 0),
    (107, 'YY-027', 4, '英语', 'TRUE_FALSE', 'HARD', '【英语第27题】完形填空是英语学科中的重要基础内容，需要结合具体条件进行判断。该表述是否正确？', '["正确","错误"]', '正确', '本题考查对完形填空基础概念的理解，判断题应重点关注关键词和限定条件。', '完形填空', '词汇与语法', '清河大学考试资源库', '英语,完形填空,课堂基础', 5, 'APPROVED', 1, 1, 0),
    (108, 'YY-028', 4, '英语', 'SHORT_ANSWER', 'EASY', '【英语第28题】请结合写作表达，概述解决相关问题时需要关注的核心思路。', NULL, '参考答案：应围绕写作表达的基本概念、关键条件、常见误区和应用场景进行作答。', '本题考查写作表达的理解与表达能力，阅卷时重点关注概念准确性、逻辑完整性和学科术语使用。', '写作表达', '词汇与语法', '清河大学考试资源库', '英语,写作表达,课堂基础', 15, 'APPROVED', 1, 1, 0),
    (109, 'YY-029', 4, '英语', 'SINGLE_CHOICE', 'MEDIUM', '【英语第29题】关于词汇语法的下列说法，最恰当的一项是？', '["选项一：符合教材结论","选项二：忽略关键条件","选项三：结论与题意不符","选项四：混淆核心概念"]', '选项一：符合教材结论', '本题考查英语学科中词汇语法相关基础概念，应优先抓住教材中的核心定义和适用条件。', '词汇语法', '词汇与语法', '清河大学考试资源库', '英语,词汇语法,课堂基础', 5, 'APPROVED', 1, 1, 0),
    (110, 'YY-030', 4, '英语', 'MULTIPLE_CHOICE', 'HARD', '【英语第30题】围绕阅读理解，下列哪些说法是正确的？', '["说法一：符合教材结论","说法二：忽略必要条件","说法三：符合题意要求","说法四：与常识明显冲突"]', '说法一：符合教材结论|说法三：符合题意要求', '本题考查阅读理解的综合判断能力，需要同时识别正确结论和错误干扰项。', '阅读理解', '词汇与语法', '清河大学考试资源库', '英语,阅读理解,课堂基础', 10, 'APPROVED', 1, 1, 0),
    (111, 'YY-031', 4, '英语', 'TRUE_FALSE', 'EASY', '【英语第31题】完形填空是英语学科中的重要基础内容，需要结合具体条件进行判断。该表述是否正确？', '["正确","错误"]', '正确', '本题考查对完形填空基础概念的理解，判断题应重点关注关键词和限定条件。', '完形填空', '词汇与语法', '清河大学考试资源库', '英语,完形填空,课堂基础', 5, 'APPROVED', 1, 1, 0),
    (112, 'YY-032', 4, '英语', 'SHORT_ANSWER', 'MEDIUM', '【英语第32题】请结合写作表达，概述解决相关问题时需要关注的核心思路。', NULL, '参考答案：应围绕写作表达的基本概念、关键条件、常见误区和应用场景进行作答。', '本题考查写作表达的理解与表达能力，阅卷时重点关注概念准确性、逻辑完整性和学科术语使用。', '写作表达', '词汇与语法', '清河大学考试资源库', '英语,写作表达,课堂基础', 15, 'APPROVED', 1, 1, 0),
    (113, 'YY-033', 4, '英语', 'SINGLE_CHOICE', 'HARD', '【英语第33题】关于词汇语法的下列说法，最恰当的一项是？', '["选项一：符合教材结论","选项二：忽略关键条件","选项三：结论与题意不符","选项四：混淆核心概念"]', '选项一：符合教材结论', '本题考查英语学科中词汇语法相关基础概念，应优先抓住教材中的核心定义和适用条件。', '词汇语法', '词汇与语法', '清河大学考试资源库', '英语,词汇语法,课堂基础', 5, 'APPROVED', 1, 1, 0),
    (114, 'YY-034', 4, '英语', 'MULTIPLE_CHOICE', 'EASY', '【英语第34题】围绕阅读理解，下列哪些说法是正确的？', '["说法一：符合教材结论","说法二：忽略必要条件","说法三：符合题意要求","说法四：与常识明显冲突"]', '说法一：符合教材结论|说法三：符合题意要求', '本题考查阅读理解的综合判断能力，需要同时识别正确结论和错误干扰项。', '阅读理解', '词汇与语法', '清河大学考试资源库', '英语,阅读理解,课堂基础', 10, 'APPROVED', 1, 1, 0),
    (115, 'YY-035', 4, '英语', 'TRUE_FALSE', 'MEDIUM', '【英语第35题】完形填空是英语学科中的重要基础内容，需要结合具体条件进行判断。该表述是否正确？', '["正确","错误"]', '正确', '本题考查对完形填空基础概念的理解，判断题应重点关注关键词和限定条件。', '完形填空', '词汇与语法', '清河大学考试资源库', '英语,完形填空,课堂基础', 5, 'APPROVED', 1, 1, 0),
    (116, 'YY-036', 4, '英语', 'SHORT_ANSWER', 'HARD', '【英语第36题】请结合写作表达，概述解决相关问题时需要关注的核心思路。', NULL, '参考答案：应围绕写作表达的基本概念、关键条件、常见误区和应用场景进行作答。', '本题考查写作表达的理解与表达能力，阅卷时重点关注概念准确性、逻辑完整性和学科术语使用。', '写作表达', '词汇与语法', '清河大学考试资源库', '英语,写作表达,课堂基础', 15, 'APPROVED', 1, 1, 0),
    (117, 'YY-037', 4, '英语', 'SINGLE_CHOICE', 'EASY', '【英语第37题】关于词汇语法的下列说法，最恰当的一项是？', '["选项一：符合教材结论","选项二：忽略关键条件","选项三：结论与题意不符","选项四：混淆核心概念"]', '选项一：符合教材结论', '本题考查英语学科中词汇语法相关基础概念，应优先抓住教材中的核心定义和适用条件。', '词汇语法', '词汇与语法', '清河大学考试资源库', '英语,词汇语法,课堂基础', 5, 'APPROVED', 1, 1, 0),
    (118, 'YY-038', 4, '英语', 'MULTIPLE_CHOICE', 'MEDIUM', '【英语第38题】围绕阅读理解，下列哪些说法是正确的？', '["说法一：符合教材结论","说法二：忽略必要条件","说法三：符合题意要求","说法四：与常识明显冲突"]', '说法一：符合教材结论|说法三：符合题意要求', '本题考查阅读理解的综合判断能力，需要同时识别正确结论和错误干扰项。', '阅读理解', '词汇与语法', '清河大学考试资源库', '英语,阅读理解,课堂基础', 10, 'APPROVED', 1, 1, 0),
    (119, 'YY-039', 4, '英语', 'TRUE_FALSE', 'HARD', '【英语第39题】完形填空是英语学科中的重要基础内容，需要结合具体条件进行判断。该表述是否正确？', '["正确","错误"]', '正确', '本题考查对完形填空基础概念的理解，判断题应重点关注关键词和限定条件。', '完形填空', '词汇与语法', '清河大学考试资源库', '英语,完形填空,课堂基础', 5, 'APPROVED', 1, 1, 0),
    (120, 'YY-040', 4, '英语', 'SHORT_ANSWER', 'EASY', '【英语第40题】请结合写作表达，概述解决相关问题时需要关注的核心思路。', NULL, '参考答案：应围绕写作表达的基本概念、关键条件、常见误区和应用场景进行作答。', '本题考查写作表达的理解与表达能力，阅卷时重点关注概念准确性、逻辑完整性和学科术语使用。', '写作表达', '词汇与语法', '清河大学考试资源库', '英语,写作表达,课堂基础', 15, 'APPROVED', 1, 1, 0),
    (121, 'WL-001', 3, '物理', 'SINGLE_CHOICE', 'EASY', '【物理第01题】关于力学的下列说法，最恰当的一项是？', '["选项一：符合教材结论","选项二：忽略关键条件","选项三：结论与题意不符","选项四：混淆核心概念"]', '选项一：符合教材结论', '本题考查物理学科中力学相关基础概念，应优先抓住教材中的核心定义和适用条件。', '力学', '力学基础', '清河大学考试资源库', '物理,力学,课堂基础', 5, 'APPROVED', 1, 1, 0),
    (122, 'WL-002', 3, '物理', 'MULTIPLE_CHOICE', 'MEDIUM', '【物理第02题】围绕电学，下列哪些说法是正确的？', '["说法一：符合教材结论","说法二：忽略必要条件","说法三：符合题意要求","说法四：与常识明显冲突"]', '说法一：符合教材结论|说法三：符合题意要求', '本题考查电学的综合判断能力，需要同时识别正确结论和错误干扰项。', '电学', '力学基础', '清河大学考试资源库', '物理,电学,课堂基础', 10, 'APPROVED', 1, 1, 0),
    (123, 'WL-003', 3, '物理', 'TRUE_FALSE', 'HARD', '【物理第03题】热学是物理学科中的重要基础内容，需要结合具体条件进行判断。该表述是否正确？', '["正确","错误"]', '正确', '本题考查对热学基础概念的理解，判断题应重点关注关键词和限定条件。', '热学', '力学基础', '清河大学考试资源库', '物理,热学,课堂基础', 5, 'APPROVED', 1, 1, 0),
    (124, 'WL-004', 3, '物理', 'SHORT_ANSWER', 'EASY', '【物理第04题】请结合运动学，概述解决相关问题时需要关注的核心思路。', NULL, '参考答案：应围绕运动学的基本概念、关键条件、常见误区和应用场景进行作答。', '本题考查运动学的理解与表达能力，阅卷时重点关注概念准确性、逻辑完整性和学科术语使用。', '运动学', '力学基础', '清河大学考试资源库', '物理,运动学,课堂基础', 15, 'APPROVED', 1, 1, 0),
    (125, 'WL-005', 3, '物理', 'SINGLE_CHOICE', 'MEDIUM', '【物理第05题】关于力学的下列说法，最恰当的一项是？', '["选项一：符合教材结论","选项二：忽略关键条件","选项三：结论与题意不符","选项四：混淆核心概念"]', '选项一：符合教材结论', '本题考查物理学科中力学相关基础概念，应优先抓住教材中的核心定义和适用条件。', '力学', '力学基础', '清河大学考试资源库', '物理,力学,课堂基础', 5, 'APPROVED', 1, 1, 0),
    (126, 'WL-006', 3, '物理', 'MULTIPLE_CHOICE', 'HARD', '【物理第06题】围绕电学，下列哪些说法是正确的？', '["说法一：符合教材结论","说法二：忽略必要条件","说法三：符合题意要求","说法四：与常识明显冲突"]', '说法一：符合教材结论|说法三：符合题意要求', '本题考查电学的综合判断能力，需要同时识别正确结论和错误干扰项。', '电学', '力学基础', '清河大学考试资源库', '物理,电学,课堂基础', 10, 'APPROVED', 1, 1, 0),
    (127, 'WL-007', 3, '物理', 'TRUE_FALSE', 'EASY', '【物理第07题】热学是物理学科中的重要基础内容，需要结合具体条件进行判断。该表述是否正确？', '["正确","错误"]', '正确', '本题考查对热学基础概念的理解，判断题应重点关注关键词和限定条件。', '热学', '力学基础', '清河大学考试资源库', '物理,热学,课堂基础', 5, 'APPROVED', 1, 1, 0),
    (128, 'WL-008', 3, '物理', 'SHORT_ANSWER', 'MEDIUM', '【物理第08题】请结合运动学，概述解决相关问题时需要关注的核心思路。', NULL, '参考答案：应围绕运动学的基本概念、关键条件、常见误区和应用场景进行作答。', '本题考查运动学的理解与表达能力，阅卷时重点关注概念准确性、逻辑完整性和学科术语使用。', '运动学', '力学基础', '清河大学考试资源库', '物理,运动学,课堂基础', 15, 'APPROVED', 1, 1, 0),
    (129, 'WL-009', 3, '物理', 'SINGLE_CHOICE', 'HARD', '【物理第09题】关于力学的下列说法，最恰当的一项是？', '["选项一：符合教材结论","选项二：忽略关键条件","选项三：结论与题意不符","选项四：混淆核心概念"]', '选项一：符合教材结论', '本题考查物理学科中力学相关基础概念，应优先抓住教材中的核心定义和适用条件。', '力学', '力学基础', '清河大学考试资源库', '物理,力学,课堂基础', 5, 'APPROVED', 1, 1, 0),
    (130, 'WL-010', 3, '物理', 'MULTIPLE_CHOICE', 'EASY', '【物理第10题】围绕电学，下列哪些说法是正确的？', '["说法一：符合教材结论","说法二：忽略必要条件","说法三：符合题意要求","说法四：与常识明显冲突"]', '说法一：符合教材结论|说法三：符合题意要求', '本题考查电学的综合判断能力，需要同时识别正确结论和错误干扰项。', '电学', '力学基础', '清河大学考试资源库', '物理,电学,课堂基础', 10, 'APPROVED', 1, 1, 0),
    (131, 'WL-011', 3, '物理', 'TRUE_FALSE', 'MEDIUM', '【物理第11题】热学是物理学科中的重要基础内容，需要结合具体条件进行判断。该表述是否正确？', '["正确","错误"]', '正确', '本题考查对热学基础概念的理解，判断题应重点关注关键词和限定条件。', '热学', '力学基础', '清河大学考试资源库', '物理,热学,课堂基础', 5, 'APPROVED', 1, 1, 0),
    (132, 'WL-012', 3, '物理', 'SHORT_ANSWER', 'HARD', '【物理第12题】请结合运动学，概述解决相关问题时需要关注的核心思路。', NULL, '参考答案：应围绕运动学的基本概念、关键条件、常见误区和应用场景进行作答。', '本题考查运动学的理解与表达能力，阅卷时重点关注概念准确性、逻辑完整性和学科术语使用。', '运动学', '力学基础', '清河大学考试资源库', '物理,运动学,课堂基础', 15, 'APPROVED', 1, 1, 0),
    (133, 'WL-013', 3, '物理', 'SINGLE_CHOICE', 'EASY', '【物理第13题】关于力学的下列说法，最恰当的一项是？', '["选项一：符合教材结论","选项二：忽略关键条件","选项三：结论与题意不符","选项四：混淆核心概念"]', '选项一：符合教材结论', '本题考查物理学科中力学相关基础概念，应优先抓住教材中的核心定义和适用条件。', '力学', '力学基础', '清河大学考试资源库', '物理,力学,课堂基础', 5, 'APPROVED', 1, 1, 0),
    (134, 'WL-014', 3, '物理', 'MULTIPLE_CHOICE', 'MEDIUM', '【物理第14题】围绕电学，下列哪些说法是正确的？', '["说法一：符合教材结论","说法二：忽略必要条件","说法三：符合题意要求","说法四：与常识明显冲突"]', '说法一：符合教材结论|说法三：符合题意要求', '本题考查电学的综合判断能力，需要同时识别正确结论和错误干扰项。', '电学', '力学基础', '清河大学考试资源库', '物理,电学,课堂基础', 10, 'APPROVED', 1, 1, 0),
    (135, 'WL-015', 3, '物理', 'TRUE_FALSE', 'HARD', '【物理第15题】热学是物理学科中的重要基础内容，需要结合具体条件进行判断。该表述是否正确？', '["正确","错误"]', '正确', '本题考查对热学基础概念的理解，判断题应重点关注关键词和限定条件。', '热学', '力学基础', '清河大学考试资源库', '物理,热学,课堂基础', 5, 'APPROVED', 1, 1, 0),
    (136, 'WL-016', 3, '物理', 'SHORT_ANSWER', 'EASY', '【物理第16题】请结合运动学，概述解决相关问题时需要关注的核心思路。', NULL, '参考答案：应围绕运动学的基本概念、关键条件、常见误区和应用场景进行作答。', '本题考查运动学的理解与表达能力，阅卷时重点关注概念准确性、逻辑完整性和学科术语使用。', '运动学', '力学基础', '清河大学考试资源库', '物理,运动学,课堂基础', 15, 'APPROVED', 1, 1, 0),
    (137, 'WL-017', 3, '物理', 'SINGLE_CHOICE', 'MEDIUM', '【物理第17题】关于力学的下列说法，最恰当的一项是？', '["选项一：符合教材结论","选项二：忽略关键条件","选项三：结论与题意不符","选项四：混淆核心概念"]', '选项一：符合教材结论', '本题考查物理学科中力学相关基础概念，应优先抓住教材中的核心定义和适用条件。', '力学', '力学基础', '清河大学考试资源库', '物理,力学,课堂基础', 5, 'APPROVED', 1, 1, 0),
    (138, 'WL-018', 3, '物理', 'MULTIPLE_CHOICE', 'HARD', '【物理第18题】围绕电学，下列哪些说法是正确的？', '["说法一：符合教材结论","说法二：忽略必要条件","说法三：符合题意要求","说法四：与常识明显冲突"]', '说法一：符合教材结论|说法三：符合题意要求', '本题考查电学的综合判断能力，需要同时识别正确结论和错误干扰项。', '电学', '力学基础', '清河大学考试资源库', '物理,电学,课堂基础', 10, 'APPROVED', 1, 1, 0),
    (139, 'WL-019', 3, '物理', 'TRUE_FALSE', 'EASY', '【物理第19题】热学是物理学科中的重要基础内容，需要结合具体条件进行判断。该表述是否正确？', '["正确","错误"]', '正确', '本题考查对热学基础概念的理解，判断题应重点关注关键词和限定条件。', '热学', '力学基础', '清河大学考试资源库', '物理,热学,课堂基础', 5, 'APPROVED', 1, 1, 0),
    (140, 'WL-020', 3, '物理', 'SHORT_ANSWER', 'MEDIUM', '【物理第20题】请结合运动学，概述解决相关问题时需要关注的核心思路。', NULL, '参考答案：应围绕运动学的基本概念、关键条件、常见误区和应用场景进行作答。', '本题考查运动学的理解与表达能力，阅卷时重点关注概念准确性、逻辑完整性和学科术语使用。', '运动学', '力学基础', '清河大学考试资源库', '物理,运动学,课堂基础', 15, 'APPROVED', 1, 1, 0),
    (141, 'WL-021', 3, '物理', 'SINGLE_CHOICE', 'HARD', '【物理第21题】关于力学的下列说法，最恰当的一项是？', '["选项一：符合教材结论","选项二：忽略关键条件","选项三：结论与题意不符","选项四：混淆核心概念"]', '选项一：符合教材结论', '本题考查物理学科中力学相关基础概念，应优先抓住教材中的核心定义和适用条件。', '力学', '力学基础', '清河大学考试资源库', '物理,力学,课堂基础', 5, 'APPROVED', 1, 1, 0),
    (142, 'WL-022', 3, '物理', 'MULTIPLE_CHOICE', 'EASY', '【物理第22题】围绕电学，下列哪些说法是正确的？', '["说法一：符合教材结论","说法二：忽略必要条件","说法三：符合题意要求","说法四：与常识明显冲突"]', '说法一：符合教材结论|说法三：符合题意要求', '本题考查电学的综合判断能力，需要同时识别正确结论和错误干扰项。', '电学', '力学基础', '清河大学考试资源库', '物理,电学,课堂基础', 10, 'APPROVED', 1, 1, 0),
    (143, 'WL-023', 3, '物理', 'TRUE_FALSE', 'MEDIUM', '【物理第23题】热学是物理学科中的重要基础内容，需要结合具体条件进行判断。该表述是否正确？', '["正确","错误"]', '正确', '本题考查对热学基础概念的理解，判断题应重点关注关键词和限定条件。', '热学', '力学基础', '清河大学考试资源库', '物理,热学,课堂基础', 5, 'APPROVED', 1, 1, 0),
    (144, 'WL-024', 3, '物理', 'SHORT_ANSWER', 'HARD', '【物理第24题】请结合运动学，概述解决相关问题时需要关注的核心思路。', NULL, '参考答案：应围绕运动学的基本概念、关键条件、常见误区和应用场景进行作答。', '本题考查运动学的理解与表达能力，阅卷时重点关注概念准确性、逻辑完整性和学科术语使用。', '运动学', '力学基础', '清河大学考试资源库', '物理,运动学,课堂基础', 15, 'APPROVED', 1, 1, 0),
    (145, 'WL-025', 3, '物理', 'SINGLE_CHOICE', 'EASY', '【物理第25题】关于力学的下列说法，最恰当的一项是？', '["选项一：符合教材结论","选项二：忽略关键条件","选项三：结论与题意不符","选项四：混淆核心概念"]', '选项一：符合教材结论', '本题考查物理学科中力学相关基础概念，应优先抓住教材中的核心定义和适用条件。', '力学', '力学基础', '清河大学考试资源库', '物理,力学,课堂基础', 5, 'APPROVED', 1, 1, 0),
    (146, 'WL-026', 3, '物理', 'MULTIPLE_CHOICE', 'MEDIUM', '【物理第26题】围绕电学，下列哪些说法是正确的？', '["说法一：符合教材结论","说法二：忽略必要条件","说法三：符合题意要求","说法四：与常识明显冲突"]', '说法一：符合教材结论|说法三：符合题意要求', '本题考查电学的综合判断能力，需要同时识别正确结论和错误干扰项。', '电学', '力学基础', '清河大学考试资源库', '物理,电学,课堂基础', 10, 'APPROVED', 1, 1, 0),
    (147, 'WL-027', 3, '物理', 'TRUE_FALSE', 'HARD', '【物理第27题】热学是物理学科中的重要基础内容，需要结合具体条件进行判断。该表述是否正确？', '["正确","错误"]', '正确', '本题考查对热学基础概念的理解，判断题应重点关注关键词和限定条件。', '热学', '力学基础', '清河大学考试资源库', '物理,热学,课堂基础', 5, 'APPROVED', 1, 1, 0),
    (148, 'WL-028', 3, '物理', 'SHORT_ANSWER', 'EASY', '【物理第28题】请结合运动学，概述解决相关问题时需要关注的核心思路。', NULL, '参考答案：应围绕运动学的基本概念、关键条件、常见误区和应用场景进行作答。', '本题考查运动学的理解与表达能力，阅卷时重点关注概念准确性、逻辑完整性和学科术语使用。', '运动学', '力学基础', '清河大学考试资源库', '物理,运动学,课堂基础', 15, 'APPROVED', 1, 1, 0),
    (149, 'WL-029', 3, '物理', 'SINGLE_CHOICE', 'MEDIUM', '【物理第29题】关于力学的下列说法，最恰当的一项是？', '["选项一：符合教材结论","选项二：忽略关键条件","选项三：结论与题意不符","选项四：混淆核心概念"]', '选项一：符合教材结论', '本题考查物理学科中力学相关基础概念，应优先抓住教材中的核心定义和适用条件。', '力学', '力学基础', '清河大学考试资源库', '物理,力学,课堂基础', 5, 'APPROVED', 1, 1, 0),
    (150, 'WL-030', 3, '物理', 'MULTIPLE_CHOICE', 'HARD', '【物理第30题】围绕电学，下列哪些说法是正确的？', '["说法一：符合教材结论","说法二：忽略必要条件","说法三：符合题意要求","说法四：与常识明显冲突"]', '说法一：符合教材结论|说法三：符合题意要求', '本题考查电学的综合判断能力，需要同时识别正确结论和错误干扰项。', '电学', '力学基础', '清河大学考试资源库', '物理,电学,课堂基础', 10, 'APPROVED', 1, 1, 0),
    (151, 'WL-031', 3, '物理', 'TRUE_FALSE', 'EASY', '【物理第31题】热学是物理学科中的重要基础内容，需要结合具体条件进行判断。该表述是否正确？', '["正确","错误"]', '正确', '本题考查对热学基础概念的理解，判断题应重点关注关键词和限定条件。', '热学', '力学基础', '清河大学考试资源库', '物理,热学,课堂基础', 5, 'APPROVED', 1, 1, 0),
    (152, 'WL-032', 3, '物理', 'SHORT_ANSWER', 'MEDIUM', '【物理第32题】请结合运动学，概述解决相关问题时需要关注的核心思路。', NULL, '参考答案：应围绕运动学的基本概念、关键条件、常见误区和应用场景进行作答。', '本题考查运动学的理解与表达能力，阅卷时重点关注概念准确性、逻辑完整性和学科术语使用。', '运动学', '力学基础', '清河大学考试资源库', '物理,运动学,课堂基础', 15, 'APPROVED', 1, 1, 0),
    (153, 'WL-033', 3, '物理', 'SINGLE_CHOICE', 'HARD', '【物理第33题】关于力学的下列说法，最恰当的一项是？', '["选项一：符合教材结论","选项二：忽略关键条件","选项三：结论与题意不符","选项四：混淆核心概念"]', '选项一：符合教材结论', '本题考查物理学科中力学相关基础概念，应优先抓住教材中的核心定义和适用条件。', '力学', '力学基础', '清河大学考试资源库', '物理,力学,课堂基础', 5, 'APPROVED', 1, 1, 0),
    (154, 'WL-034', 3, '物理', 'MULTIPLE_CHOICE', 'EASY', '【物理第34题】围绕电学，下列哪些说法是正确的？', '["说法一：符合教材结论","说法二：忽略必要条件","说法三：符合题意要求","说法四：与常识明显冲突"]', '说法一：符合教材结论|说法三：符合题意要求', '本题考查电学的综合判断能力，需要同时识别正确结论和错误干扰项。', '电学', '力学基础', '清河大学考试资源库', '物理,电学,课堂基础', 10, 'APPROVED', 1, 1, 0),
    (155, 'WL-035', 3, '物理', 'TRUE_FALSE', 'MEDIUM', '【物理第35题】热学是物理学科中的重要基础内容，需要结合具体条件进行判断。该表述是否正确？', '["正确","错误"]', '正确', '本题考查对热学基础概念的理解，判断题应重点关注关键词和限定条件。', '热学', '力学基础', '清河大学考试资源库', '物理,热学,课堂基础', 5, 'APPROVED', 1, 1, 0),
    (156, 'WL-036', 3, '物理', 'SHORT_ANSWER', 'HARD', '【物理第36题】请结合运动学，概述解决相关问题时需要关注的核心思路。', NULL, '参考答案：应围绕运动学的基本概念、关键条件、常见误区和应用场景进行作答。', '本题考查运动学的理解与表达能力，阅卷时重点关注概念准确性、逻辑完整性和学科术语使用。', '运动学', '力学基础', '清河大学考试资源库', '物理,运动学,课堂基础', 15, 'APPROVED', 1, 1, 0),
    (157, 'WL-037', 3, '物理', 'SINGLE_CHOICE', 'EASY', '【物理第37题】关于力学的下列说法，最恰当的一项是？', '["选项一：符合教材结论","选项二：忽略关键条件","选项三：结论与题意不符","选项四：混淆核心概念"]', '选项一：符合教材结论', '本题考查物理学科中力学相关基础概念，应优先抓住教材中的核心定义和适用条件。', '力学', '力学基础', '清河大学考试资源库', '物理,力学,课堂基础', 5, 'APPROVED', 1, 1, 0),
    (158, 'WL-038', 3, '物理', 'MULTIPLE_CHOICE', 'MEDIUM', '【物理第38题】围绕电学，下列哪些说法是正确的？', '["说法一：符合教材结论","说法二：忽略必要条件","说法三：符合题意要求","说法四：与常识明显冲突"]', '说法一：符合教材结论|说法三：符合题意要求', '本题考查电学的综合判断能力，需要同时识别正确结论和错误干扰项。', '电学', '力学基础', '清河大学考试资源库', '物理,电学,课堂基础', 10, 'APPROVED', 1, 1, 0),
    (159, 'WL-039', 3, '物理', 'TRUE_FALSE', 'HARD', '【物理第39题】热学是物理学科中的重要基础内容，需要结合具体条件进行判断。该表述是否正确？', '["正确","错误"]', '正确', '本题考查对热学基础概念的理解，判断题应重点关注关键词和限定条件。', '热学', '力学基础', '清河大学考试资源库', '物理,热学,课堂基础', 5, 'APPROVED', 1, 1, 0),
    (160, 'WL-040', 3, '物理', 'SHORT_ANSWER', 'EASY', '【物理第40题】请结合运动学，概述解决相关问题时需要关注的核心思路。', NULL, '参考答案：应围绕运动学的基本概念、关键条件、常见误区和应用场景进行作答。', '本题考查运动学的理解与表达能力，阅卷时重点关注概念准确性、逻辑完整性和学科术语使用。', '运动学', '力学基础', '清河大学考试资源库', '物理,运动学,课堂基础', 15, 'APPROVED', 1, 1, 0),
    (161, 'HX-001', 3, '化学', 'SINGLE_CHOICE', 'EASY', '【化学第01题】关于元素周期律的下列说法，最恰当的一项是？', '["选项一：符合教材结论","选项二：忽略关键条件","选项三：结论与题意不符","选项四：混淆核心概念"]', '选项一：符合教材结论', '本题考查化学学科中元素周期律相关基础概念，应优先抓住教材中的核心定义和适用条件。', '元素周期律', '化学反应', '清河大学考试资源库', '化学,元素周期律,课堂基础', 5, 'APPROVED', 1, 1, 0),
    (162, 'HX-002', 3, '化学', 'MULTIPLE_CHOICE', 'MEDIUM', '【化学第02题】围绕化学反应，下列哪些说法是正确的？', '["说法一：符合教材结论","说法二：忽略必要条件","说法三：符合题意要求","说法四：与常识明显冲突"]', '说法一：符合教材结论|说法三：符合题意要求', '本题考查化学反应的综合判断能力，需要同时识别正确结论和错误干扰项。', '化学反应', '化学反应', '清河大学考试资源库', '化学,化学反应,课堂基础', 10, 'APPROVED', 1, 1, 0),
    (163, 'HX-003', 3, '化学', 'TRUE_FALSE', 'HARD', '【化学第03题】有机化学是化学学科中的重要基础内容，需要结合具体条件进行判断。该表述是否正确？', '["正确","错误"]', '正确', '本题考查对有机化学基础概念的理解，判断题应重点关注关键词和限定条件。', '有机化学', '化学反应', '清河大学考试资源库', '化学,有机化学,课堂基础', 5, 'APPROVED', 1, 1, 0),
    (164, 'HX-004', 3, '化学', 'SHORT_ANSWER', 'EASY', '【化学第04题】请结合实验基础，概述解决相关问题时需要关注的核心思路。', NULL, '参考答案：应围绕实验基础的基本概念、关键条件、常见误区和应用场景进行作答。', '本题考查实验基础的理解与表达能力，阅卷时重点关注概念准确性、逻辑完整性和学科术语使用。', '实验基础', '化学反应', '清河大学考试资源库', '化学,实验基础,课堂基础', 15, 'APPROVED', 1, 1, 0),
    (165, 'HX-005', 3, '化学', 'SINGLE_CHOICE', 'MEDIUM', '【化学第05题】关于元素周期律的下列说法，最恰当的一项是？', '["选项一：符合教材结论","选项二：忽略关键条件","选项三：结论与题意不符","选项四：混淆核心概念"]', '选项一：符合教材结论', '本题考查化学学科中元素周期律相关基础概念，应优先抓住教材中的核心定义和适用条件。', '元素周期律', '化学反应', '清河大学考试资源库', '化学,元素周期律,课堂基础', 5, 'APPROVED', 1, 1, 0),
    (166, 'HX-006', 3, '化学', 'MULTIPLE_CHOICE', 'HARD', '【化学第06题】围绕化学反应，下列哪些说法是正确的？', '["说法一：符合教材结论","说法二：忽略必要条件","说法三：符合题意要求","说法四：与常识明显冲突"]', '说法一：符合教材结论|说法三：符合题意要求', '本题考查化学反应的综合判断能力，需要同时识别正确结论和错误干扰项。', '化学反应', '化学反应', '清河大学考试资源库', '化学,化学反应,课堂基础', 10, 'APPROVED', 1, 1, 0),
    (167, 'HX-007', 3, '化学', 'TRUE_FALSE', 'EASY', '【化学第07题】有机化学是化学学科中的重要基础内容，需要结合具体条件进行判断。该表述是否正确？', '["正确","错误"]', '正确', '本题考查对有机化学基础概念的理解，判断题应重点关注关键词和限定条件。', '有机化学', '化学反应', '清河大学考试资源库', '化学,有机化学,课堂基础', 5, 'APPROVED', 1, 1, 0),
    (168, 'HX-008', 3, '化学', 'SHORT_ANSWER', 'MEDIUM', '【化学第08题】请结合实验基础，概述解决相关问题时需要关注的核心思路。', NULL, '参考答案：应围绕实验基础的基本概念、关键条件、常见误区和应用场景进行作答。', '本题考查实验基础的理解与表达能力，阅卷时重点关注概念准确性、逻辑完整性和学科术语使用。', '实验基础', '化学反应', '清河大学考试资源库', '化学,实验基础,课堂基础', 15, 'APPROVED', 1, 1, 0),
    (169, 'HX-009', 3, '化学', 'SINGLE_CHOICE', 'HARD', '【化学第09题】关于元素周期律的下列说法，最恰当的一项是？', '["选项一：符合教材结论","选项二：忽略关键条件","选项三：结论与题意不符","选项四：混淆核心概念"]', '选项一：符合教材结论', '本题考查化学学科中元素周期律相关基础概念，应优先抓住教材中的核心定义和适用条件。', '元素周期律', '化学反应', '清河大学考试资源库', '化学,元素周期律,课堂基础', 5, 'APPROVED', 1, 1, 0),
    (170, 'HX-010', 3, '化学', 'MULTIPLE_CHOICE', 'EASY', '【化学第10题】围绕化学反应，下列哪些说法是正确的？', '["说法一：符合教材结论","说法二：忽略必要条件","说法三：符合题意要求","说法四：与常识明显冲突"]', '说法一：符合教材结论|说法三：符合题意要求', '本题考查化学反应的综合判断能力，需要同时识别正确结论和错误干扰项。', '化学反应', '化学反应', '清河大学考试资源库', '化学,化学反应,课堂基础', 10, 'APPROVED', 1, 1, 0),
    (171, 'HX-011', 3, '化学', 'TRUE_FALSE', 'MEDIUM', '【化学第11题】有机化学是化学学科中的重要基础内容，需要结合具体条件进行判断。该表述是否正确？', '["正确","错误"]', '正确', '本题考查对有机化学基础概念的理解，判断题应重点关注关键词和限定条件。', '有机化学', '化学反应', '清河大学考试资源库', '化学,有机化学,课堂基础', 5, 'APPROVED', 1, 1, 0),
    (172, 'HX-012', 3, '化学', 'SHORT_ANSWER', 'HARD', '【化学第12题】请结合实验基础，概述解决相关问题时需要关注的核心思路。', NULL, '参考答案：应围绕实验基础的基本概念、关键条件、常见误区和应用场景进行作答。', '本题考查实验基础的理解与表达能力，阅卷时重点关注概念准确性、逻辑完整性和学科术语使用。', '实验基础', '化学反应', '清河大学考试资源库', '化学,实验基础,课堂基础', 15, 'APPROVED', 1, 1, 0),
    (173, 'HX-013', 3, '化学', 'SINGLE_CHOICE', 'EASY', '【化学第13题】关于元素周期律的下列说法，最恰当的一项是？', '["选项一：符合教材结论","选项二：忽略关键条件","选项三：结论与题意不符","选项四：混淆核心概念"]', '选项一：符合教材结论', '本题考查化学学科中元素周期律相关基础概念，应优先抓住教材中的核心定义和适用条件。', '元素周期律', '化学反应', '清河大学考试资源库', '化学,元素周期律,课堂基础', 5, 'APPROVED', 1, 1, 0),
    (174, 'HX-014', 3, '化学', 'MULTIPLE_CHOICE', 'MEDIUM', '【化学第14题】围绕化学反应，下列哪些说法是正确的？', '["说法一：符合教材结论","说法二：忽略必要条件","说法三：符合题意要求","说法四：与常识明显冲突"]', '说法一：符合教材结论|说法三：符合题意要求', '本题考查化学反应的综合判断能力，需要同时识别正确结论和错误干扰项。', '化学反应', '化学反应', '清河大学考试资源库', '化学,化学反应,课堂基础', 10, 'APPROVED', 1, 1, 0),
    (175, 'HX-015', 3, '化学', 'TRUE_FALSE', 'HARD', '【化学第15题】有机化学是化学学科中的重要基础内容，需要结合具体条件进行判断。该表述是否正确？', '["正确","错误"]', '正确', '本题考查对有机化学基础概念的理解，判断题应重点关注关键词和限定条件。', '有机化学', '化学反应', '清河大学考试资源库', '化学,有机化学,课堂基础', 5, 'APPROVED', 1, 1, 0),
    (176, 'HX-016', 3, '化学', 'SHORT_ANSWER', 'EASY', '【化学第16题】请结合实验基础，概述解决相关问题时需要关注的核心思路。', NULL, '参考答案：应围绕实验基础的基本概念、关键条件、常见误区和应用场景进行作答。', '本题考查实验基础的理解与表达能力，阅卷时重点关注概念准确性、逻辑完整性和学科术语使用。', '实验基础', '化学反应', '清河大学考试资源库', '化学,实验基础,课堂基础', 15, 'APPROVED', 1, 1, 0),
    (177, 'HX-017', 3, '化学', 'SINGLE_CHOICE', 'MEDIUM', '【化学第17题】关于元素周期律的下列说法，最恰当的一项是？', '["选项一：符合教材结论","选项二：忽略关键条件","选项三：结论与题意不符","选项四：混淆核心概念"]', '选项一：符合教材结论', '本题考查化学学科中元素周期律相关基础概念，应优先抓住教材中的核心定义和适用条件。', '元素周期律', '化学反应', '清河大学考试资源库', '化学,元素周期律,课堂基础', 5, 'APPROVED', 1, 1, 0),
    (178, 'HX-018', 3, '化学', 'MULTIPLE_CHOICE', 'HARD', '【化学第18题】围绕化学反应，下列哪些说法是正确的？', '["说法一：符合教材结论","说法二：忽略必要条件","说法三：符合题意要求","说法四：与常识明显冲突"]', '说法一：符合教材结论|说法三：符合题意要求', '本题考查化学反应的综合判断能力，需要同时识别正确结论和错误干扰项。', '化学反应', '化学反应', '清河大学考试资源库', '化学,化学反应,课堂基础', 10, 'APPROVED', 1, 1, 0),
    (179, 'HX-019', 3, '化学', 'TRUE_FALSE', 'EASY', '【化学第19题】有机化学是化学学科中的重要基础内容，需要结合具体条件进行判断。该表述是否正确？', '["正确","错误"]', '正确', '本题考查对有机化学基础概念的理解，判断题应重点关注关键词和限定条件。', '有机化学', '化学反应', '清河大学考试资源库', '化学,有机化学,课堂基础', 5, 'APPROVED', 1, 1, 0),
    (180, 'HX-020', 3, '化学', 'SHORT_ANSWER', 'MEDIUM', '【化学第20题】请结合实验基础，概述解决相关问题时需要关注的核心思路。', NULL, '参考答案：应围绕实验基础的基本概念、关键条件、常见误区和应用场景进行作答。', '本题考查实验基础的理解与表达能力，阅卷时重点关注概念准确性、逻辑完整性和学科术语使用。', '实验基础', '化学反应', '清河大学考试资源库', '化学,实验基础,课堂基础', 15, 'APPROVED', 1, 1, 0),
    (181, 'HX-021', 3, '化学', 'SINGLE_CHOICE', 'HARD', '【化学第21题】关于元素周期律的下列说法，最恰当的一项是？', '["选项一：符合教材结论","选项二：忽略关键条件","选项三：结论与题意不符","选项四：混淆核心概念"]', '选项一：符合教材结论', '本题考查化学学科中元素周期律相关基础概念，应优先抓住教材中的核心定义和适用条件。', '元素周期律', '化学反应', '清河大学考试资源库', '化学,元素周期律,课堂基础', 5, 'APPROVED', 1, 1, 0),
    (182, 'HX-022', 3, '化学', 'MULTIPLE_CHOICE', 'EASY', '【化学第22题】围绕化学反应，下列哪些说法是正确的？', '["说法一：符合教材结论","说法二：忽略必要条件","说法三：符合题意要求","说法四：与常识明显冲突"]', '说法一：符合教材结论|说法三：符合题意要求', '本题考查化学反应的综合判断能力，需要同时识别正确结论和错误干扰项。', '化学反应', '化学反应', '清河大学考试资源库', '化学,化学反应,课堂基础', 10, 'APPROVED', 1, 1, 0),
    (183, 'HX-023', 3, '化学', 'TRUE_FALSE', 'MEDIUM', '【化学第23题】有机化学是化学学科中的重要基础内容，需要结合具体条件进行判断。该表述是否正确？', '["正确","错误"]', '正确', '本题考查对有机化学基础概念的理解，判断题应重点关注关键词和限定条件。', '有机化学', '化学反应', '清河大学考试资源库', '化学,有机化学,课堂基础', 5, 'APPROVED', 1, 1, 0),
    (184, 'HX-024', 3, '化学', 'SHORT_ANSWER', 'HARD', '【化学第24题】请结合实验基础，概述解决相关问题时需要关注的核心思路。', NULL, '参考答案：应围绕实验基础的基本概念、关键条件、常见误区和应用场景进行作答。', '本题考查实验基础的理解与表达能力，阅卷时重点关注概念准确性、逻辑完整性和学科术语使用。', '实验基础', '化学反应', '清河大学考试资源库', '化学,实验基础,课堂基础', 15, 'APPROVED', 1, 1, 0),
    (185, 'HX-025', 3, '化学', 'SINGLE_CHOICE', 'EASY', '【化学第25题】关于元素周期律的下列说法，最恰当的一项是？', '["选项一：符合教材结论","选项二：忽略关键条件","选项三：结论与题意不符","选项四：混淆核心概念"]', '选项一：符合教材结论', '本题考查化学学科中元素周期律相关基础概念，应优先抓住教材中的核心定义和适用条件。', '元素周期律', '化学反应', '清河大学考试资源库', '化学,元素周期律,课堂基础', 5, 'APPROVED', 1, 1, 0),
    (186, 'HX-026', 3, '化学', 'MULTIPLE_CHOICE', 'MEDIUM', '【化学第26题】围绕化学反应，下列哪些说法是正确的？', '["说法一：符合教材结论","说法二：忽略必要条件","说法三：符合题意要求","说法四：与常识明显冲突"]', '说法一：符合教材结论|说法三：符合题意要求', '本题考查化学反应的综合判断能力，需要同时识别正确结论和错误干扰项。', '化学反应', '化学反应', '清河大学考试资源库', '化学,化学反应,课堂基础', 10, 'APPROVED', 1, 1, 0),
    (187, 'HX-027', 3, '化学', 'TRUE_FALSE', 'HARD', '【化学第27题】有机化学是化学学科中的重要基础内容，需要结合具体条件进行判断。该表述是否正确？', '["正确","错误"]', '正确', '本题考查对有机化学基础概念的理解，判断题应重点关注关键词和限定条件。', '有机化学', '化学反应', '清河大学考试资源库', '化学,有机化学,课堂基础', 5, 'APPROVED', 1, 1, 0),
    (188, 'HX-028', 3, '化学', 'SHORT_ANSWER', 'EASY', '【化学第28题】请结合实验基础，概述解决相关问题时需要关注的核心思路。', NULL, '参考答案：应围绕实验基础的基本概念、关键条件、常见误区和应用场景进行作答。', '本题考查实验基础的理解与表达能力，阅卷时重点关注概念准确性、逻辑完整性和学科术语使用。', '实验基础', '化学反应', '清河大学考试资源库', '化学,实验基础,课堂基础', 15, 'APPROVED', 1, 1, 0),
    (189, 'HX-029', 3, '化学', 'SINGLE_CHOICE', 'MEDIUM', '【化学第29题】关于元素周期律的下列说法，最恰当的一项是？', '["选项一：符合教材结论","选项二：忽略关键条件","选项三：结论与题意不符","选项四：混淆核心概念"]', '选项一：符合教材结论', '本题考查化学学科中元素周期律相关基础概念，应优先抓住教材中的核心定义和适用条件。', '元素周期律', '化学反应', '清河大学考试资源库', '化学,元素周期律,课堂基础', 5, 'APPROVED', 1, 1, 0),
    (190, 'HX-030', 3, '化学', 'MULTIPLE_CHOICE', 'HARD', '【化学第30题】围绕化学反应，下列哪些说法是正确的？', '["说法一：符合教材结论","说法二：忽略必要条件","说法三：符合题意要求","说法四：与常识明显冲突"]', '说法一：符合教材结论|说法三：符合题意要求', '本题考查化学反应的综合判断能力，需要同时识别正确结论和错误干扰项。', '化学反应', '化学反应', '清河大学考试资源库', '化学,化学反应,课堂基础', 10, 'APPROVED', 1, 1, 0),
    (191, 'HX-031', 3, '化学', 'TRUE_FALSE', 'EASY', '【化学第31题】有机化学是化学学科中的重要基础内容，需要结合具体条件进行判断。该表述是否正确？', '["正确","错误"]', '正确', '本题考查对有机化学基础概念的理解，判断题应重点关注关键词和限定条件。', '有机化学', '化学反应', '清河大学考试资源库', '化学,有机化学,课堂基础', 5, 'APPROVED', 1, 1, 0),
    (192, 'HX-032', 3, '化学', 'SHORT_ANSWER', 'MEDIUM', '【化学第32题】请结合实验基础，概述解决相关问题时需要关注的核心思路。', NULL, '参考答案：应围绕实验基础的基本概念、关键条件、常见误区和应用场景进行作答。', '本题考查实验基础的理解与表达能力，阅卷时重点关注概念准确性、逻辑完整性和学科术语使用。', '实验基础', '化学反应', '清河大学考试资源库', '化学,实验基础,课堂基础', 15, 'APPROVED', 1, 1, 0),
    (193, 'HX-033', 3, '化学', 'SINGLE_CHOICE', 'HARD', '【化学第33题】关于元素周期律的下列说法，最恰当的一项是？', '["选项一：符合教材结论","选项二：忽略关键条件","选项三：结论与题意不符","选项四：混淆核心概念"]', '选项一：符合教材结论', '本题考查化学学科中元素周期律相关基础概念，应优先抓住教材中的核心定义和适用条件。', '元素周期律', '化学反应', '清河大学考试资源库', '化学,元素周期律,课堂基础', 5, 'APPROVED', 1, 1, 0),
    (194, 'HX-034', 3, '化学', 'MULTIPLE_CHOICE', 'EASY', '【化学第34题】围绕化学反应，下列哪些说法是正确的？', '["说法一：符合教材结论","说法二：忽略必要条件","说法三：符合题意要求","说法四：与常识明显冲突"]', '说法一：符合教材结论|说法三：符合题意要求', '本题考查化学反应的综合判断能力，需要同时识别正确结论和错误干扰项。', '化学反应', '化学反应', '清河大学考试资源库', '化学,化学反应,课堂基础', 10, 'APPROVED', 1, 1, 0),
    (195, 'HX-035', 3, '化学', 'TRUE_FALSE', 'MEDIUM', '【化学第35题】有机化学是化学学科中的重要基础内容，需要结合具体条件进行判断。该表述是否正确？', '["正确","错误"]', '正确', '本题考查对有机化学基础概念的理解，判断题应重点关注关键词和限定条件。', '有机化学', '化学反应', '清河大学考试资源库', '化学,有机化学,课堂基础', 5, 'APPROVED', 1, 1, 0),
    (196, 'HX-036', 3, '化学', 'SHORT_ANSWER', 'HARD', '【化学第36题】请结合实验基础，概述解决相关问题时需要关注的核心思路。', NULL, '参考答案：应围绕实验基础的基本概念、关键条件、常见误区和应用场景进行作答。', '本题考查实验基础的理解与表达能力，阅卷时重点关注概念准确性、逻辑完整性和学科术语使用。', '实验基础', '化学反应', '清河大学考试资源库', '化学,实验基础,课堂基础', 15, 'APPROVED', 1, 1, 0),
    (197, 'HX-037', 3, '化学', 'SINGLE_CHOICE', 'EASY', '【化学第37题】关于元素周期律的下列说法，最恰当的一项是？', '["选项一：符合教材结论","选项二：忽略关键条件","选项三：结论与题意不符","选项四：混淆核心概念"]', '选项一：符合教材结论', '本题考查化学学科中元素周期律相关基础概念，应优先抓住教材中的核心定义和适用条件。', '元素周期律', '化学反应', '清河大学考试资源库', '化学,元素周期律,课堂基础', 5, 'APPROVED', 1, 1, 0),
    (198, 'HX-038', 3, '化学', 'MULTIPLE_CHOICE', 'MEDIUM', '【化学第38题】围绕化学反应，下列哪些说法是正确的？', '["说法一：符合教材结论","说法二：忽略必要条件","说法三：符合题意要求","说法四：与常识明显冲突"]', '说法一：符合教材结论|说法三：符合题意要求', '本题考查化学反应的综合判断能力，需要同时识别正确结论和错误干扰项。', '化学反应', '化学反应', '清河大学考试资源库', '化学,化学反应,课堂基础', 10, 'APPROVED', 1, 1, 0),
    (199, 'HX-039', 3, '化学', 'TRUE_FALSE', 'HARD', '【化学第39题】有机化学是化学学科中的重要基础内容，需要结合具体条件进行判断。该表述是否正确？', '["正确","错误"]', '正确', '本题考查对有机化学基础概念的理解，判断题应重点关注关键词和限定条件。', '有机化学', '化学反应', '清河大学考试资源库', '化学,有机化学,课堂基础', 5, 'APPROVED', 1, 1, 0),
    (200, 'HX-040', 3, '化学', 'SHORT_ANSWER', 'EASY', '【化学第40题】请结合实验基础，概述解决相关问题时需要关注的核心思路。', NULL, '参考答案：应围绕实验基础的基本概念、关键条件、常见误区和应用场景进行作答。', '本题考查实验基础的理解与表达能力，阅卷时重点关注概念准确性、逻辑完整性和学科术语使用。', '实验基础', '化学反应', '清河大学考试资源库', '化学,实验基础,课堂基础', 15, 'APPROVED', 1, 1, 0),
    (201, 'SW-001', 5, '生物', 'SINGLE_CHOICE', 'EASY', '【生物第01题】关于细胞结构的下列说法，最恰当的一项是？', '["选项一：符合教材结论","选项二：忽略关键条件","选项三：结论与题意不符","选项四：混淆核心概念"]', '选项一：符合教材结论', '本题考查生物学科中细胞结构相关基础概念，应优先抓住教材中的核心定义和适用条件。', '细胞结构', '生命科学', '清河大学考试资源库', '生物,细胞结构,课堂基础', 5, 'APPROVED', 1, 1, 0),
    (202, 'SW-002', 5, '生物', 'MULTIPLE_CHOICE', 'MEDIUM', '【生物第02题】围绕遗传与进化，下列哪些说法是正确的？', '["说法一：符合教材结论","说法二：忽略必要条件","说法三：符合题意要求","说法四：与常识明显冲突"]', '说法一：符合教材结论|说法三：符合题意要求', '本题考查遗传与进化的综合判断能力，需要同时识别正确结论和错误干扰项。', '遗传与进化', '生命科学', '清河大学考试资源库', '生物,遗传与进化,课堂基础', 10, 'APPROVED', 1, 1, 0),
    (203, 'SW-003', 5, '生物', 'TRUE_FALSE', 'HARD', '【生物第03题】生态系统是生物学科中的重要基础内容，需要结合具体条件进行判断。该表述是否正确？', '["正确","错误"]', '正确', '本题考查对生态系统基础概念的理解，判断题应重点关注关键词和限定条件。', '生态系统', '生命科学', '清河大学考试资源库', '生物,生态系统,课堂基础', 5, 'APPROVED', 1, 1, 0),
    (204, 'SW-004', 5, '生物', 'SHORT_ANSWER', 'EASY', '【生物第04题】请结合生命活动调节，概述解决相关问题时需要关注的核心思路。', NULL, '参考答案：应围绕生命活动调节的基本概念、关键条件、常见误区和应用场景进行作答。', '本题考查生命活动调节的理解与表达能力，阅卷时重点关注概念准确性、逻辑完整性和学科术语使用。', '生命活动调节', '生命科学', '清河大学考试资源库', '生物,生命活动调节,课堂基础', 15, 'APPROVED', 1, 1, 0),
    (205, 'SW-005', 5, '生物', 'SINGLE_CHOICE', 'MEDIUM', '【生物第05题】关于细胞结构的下列说法，最恰当的一项是？', '["选项一：符合教材结论","选项二：忽略关键条件","选项三：结论与题意不符","选项四：混淆核心概念"]', '选项一：符合教材结论', '本题考查生物学科中细胞结构相关基础概念，应优先抓住教材中的核心定义和适用条件。', '细胞结构', '生命科学', '清河大学考试资源库', '生物,细胞结构,课堂基础', 5, 'APPROVED', 1, 1, 0),
    (206, 'SW-006', 5, '生物', 'MULTIPLE_CHOICE', 'HARD', '【生物第06题】围绕遗传与进化，下列哪些说法是正确的？', '["说法一：符合教材结论","说法二：忽略必要条件","说法三：符合题意要求","说法四：与常识明显冲突"]', '说法一：符合教材结论|说法三：符合题意要求', '本题考查遗传与进化的综合判断能力，需要同时识别正确结论和错误干扰项。', '遗传与进化', '生命科学', '清河大学考试资源库', '生物,遗传与进化,课堂基础', 10, 'APPROVED', 1, 1, 0),
    (207, 'SW-007', 5, '生物', 'TRUE_FALSE', 'EASY', '【生物第07题】生态系统是生物学科中的重要基础内容，需要结合具体条件进行判断。该表述是否正确？', '["正确","错误"]', '正确', '本题考查对生态系统基础概念的理解，判断题应重点关注关键词和限定条件。', '生态系统', '生命科学', '清河大学考试资源库', '生物,生态系统,课堂基础', 5, 'APPROVED', 1, 1, 0),
    (208, 'SW-008', 5, '生物', 'SHORT_ANSWER', 'MEDIUM', '【生物第08题】请结合生命活动调节，概述解决相关问题时需要关注的核心思路。', NULL, '参考答案：应围绕生命活动调节的基本概念、关键条件、常见误区和应用场景进行作答。', '本题考查生命活动调节的理解与表达能力，阅卷时重点关注概念准确性、逻辑完整性和学科术语使用。', '生命活动调节', '生命科学', '清河大学考试资源库', '生物,生命活动调节,课堂基础', 15, 'APPROVED', 1, 1, 0),
    (209, 'SW-009', 5, '生物', 'SINGLE_CHOICE', 'HARD', '【生物第09题】关于细胞结构的下列说法，最恰当的一项是？', '["选项一：符合教材结论","选项二：忽略关键条件","选项三：结论与题意不符","选项四：混淆核心概念"]', '选项一：符合教材结论', '本题考查生物学科中细胞结构相关基础概念，应优先抓住教材中的核心定义和适用条件。', '细胞结构', '生命科学', '清河大学考试资源库', '生物,细胞结构,课堂基础', 5, 'APPROVED', 1, 1, 0),
    (210, 'SW-010', 5, '生物', 'MULTIPLE_CHOICE', 'EASY', '【生物第10题】围绕遗传与进化，下列哪些说法是正确的？', '["说法一：符合教材结论","说法二：忽略必要条件","说法三：符合题意要求","说法四：与常识明显冲突"]', '说法一：符合教材结论|说法三：符合题意要求', '本题考查遗传与进化的综合判断能力，需要同时识别正确结论和错误干扰项。', '遗传与进化', '生命科学', '清河大学考试资源库', '生物,遗传与进化,课堂基础', 10, 'APPROVED', 1, 1, 0),
    (211, 'SW-011', 5, '生物', 'TRUE_FALSE', 'MEDIUM', '【生物第11题】生态系统是生物学科中的重要基础内容，需要结合具体条件进行判断。该表述是否正确？', '["正确","错误"]', '正确', '本题考查对生态系统基础概念的理解，判断题应重点关注关键词和限定条件。', '生态系统', '生命科学', '清河大学考试资源库', '生物,生态系统,课堂基础', 5, 'APPROVED', 1, 1, 0),
    (212, 'SW-012', 5, '生物', 'SHORT_ANSWER', 'HARD', '【生物第12题】请结合生命活动调节，概述解决相关问题时需要关注的核心思路。', NULL, '参考答案：应围绕生命活动调节的基本概念、关键条件、常见误区和应用场景进行作答。', '本题考查生命活动调节的理解与表达能力，阅卷时重点关注概念准确性、逻辑完整性和学科术语使用。', '生命活动调节', '生命科学', '清河大学考试资源库', '生物,生命活动调节,课堂基础', 15, 'APPROVED', 1, 1, 0),
    (213, 'SW-013', 5, '生物', 'SINGLE_CHOICE', 'EASY', '【生物第13题】关于细胞结构的下列说法，最恰当的一项是？', '["选项一：符合教材结论","选项二：忽略关键条件","选项三：结论与题意不符","选项四：混淆核心概念"]', '选项一：符合教材结论', '本题考查生物学科中细胞结构相关基础概念，应优先抓住教材中的核心定义和适用条件。', '细胞结构', '生命科学', '清河大学考试资源库', '生物,细胞结构,课堂基础', 5, 'APPROVED', 1, 1, 0),
    (214, 'SW-014', 5, '生物', 'MULTIPLE_CHOICE', 'MEDIUM', '【生物第14题】围绕遗传与进化，下列哪些说法是正确的？', '["说法一：符合教材结论","说法二：忽略必要条件","说法三：符合题意要求","说法四：与常识明显冲突"]', '说法一：符合教材结论|说法三：符合题意要求', '本题考查遗传与进化的综合判断能力，需要同时识别正确结论和错误干扰项。', '遗传与进化', '生命科学', '清河大学考试资源库', '生物,遗传与进化,课堂基础', 10, 'APPROVED', 1, 1, 0),
    (215, 'SW-015', 5, '生物', 'TRUE_FALSE', 'HARD', '【生物第15题】生态系统是生物学科中的重要基础内容，需要结合具体条件进行判断。该表述是否正确？', '["正确","错误"]', '正确', '本题考查对生态系统基础概念的理解，判断题应重点关注关键词和限定条件。', '生态系统', '生命科学', '清河大学考试资源库', '生物,生态系统,课堂基础', 5, 'APPROVED', 1, 1, 0),
    (216, 'SW-016', 5, '生物', 'SHORT_ANSWER', 'EASY', '【生物第16题】请结合生命活动调节，概述解决相关问题时需要关注的核心思路。', NULL, '参考答案：应围绕生命活动调节的基本概念、关键条件、常见误区和应用场景进行作答。', '本题考查生命活动调节的理解与表达能力，阅卷时重点关注概念准确性、逻辑完整性和学科术语使用。', '生命活动调节', '生命科学', '清河大学考试资源库', '生物,生命活动调节,课堂基础', 15, 'APPROVED', 1, 1, 0),
    (217, 'SW-017', 5, '生物', 'SINGLE_CHOICE', 'MEDIUM', '【生物第17题】关于细胞结构的下列说法，最恰当的一项是？', '["选项一：符合教材结论","选项二：忽略关键条件","选项三：结论与题意不符","选项四：混淆核心概念"]', '选项一：符合教材结论', '本题考查生物学科中细胞结构相关基础概念，应优先抓住教材中的核心定义和适用条件。', '细胞结构', '生命科学', '清河大学考试资源库', '生物,细胞结构,课堂基础', 5, 'APPROVED', 1, 1, 0),
    (218, 'SW-018', 5, '生物', 'MULTIPLE_CHOICE', 'HARD', '【生物第18题】围绕遗传与进化，下列哪些说法是正确的？', '["说法一：符合教材结论","说法二：忽略必要条件","说法三：符合题意要求","说法四：与常识明显冲突"]', '说法一：符合教材结论|说法三：符合题意要求', '本题考查遗传与进化的综合判断能力，需要同时识别正确结论和错误干扰项。', '遗传与进化', '生命科学', '清河大学考试资源库', '生物,遗传与进化,课堂基础', 10, 'APPROVED', 1, 1, 0),
    (219, 'SW-019', 5, '生物', 'TRUE_FALSE', 'EASY', '【生物第19题】生态系统是生物学科中的重要基础内容，需要结合具体条件进行判断。该表述是否正确？', '["正确","错误"]', '正确', '本题考查对生态系统基础概念的理解，判断题应重点关注关键词和限定条件。', '生态系统', '生命科学', '清河大学考试资源库', '生物,生态系统,课堂基础', 5, 'APPROVED', 1, 1, 0),
    (220, 'SW-020', 5, '生物', 'SHORT_ANSWER', 'MEDIUM', '【生物第20题】请结合生命活动调节，概述解决相关问题时需要关注的核心思路。', NULL, '参考答案：应围绕生命活动调节的基本概念、关键条件、常见误区和应用场景进行作答。', '本题考查生命活动调节的理解与表达能力，阅卷时重点关注概念准确性、逻辑完整性和学科术语使用。', '生命活动调节', '生命科学', '清河大学考试资源库', '生物,生命活动调节,课堂基础', 15, 'APPROVED', 1, 1, 0),
    (221, 'SW-021', 5, '生物', 'SINGLE_CHOICE', 'HARD', '【生物第21题】关于细胞结构的下列说法，最恰当的一项是？', '["选项一：符合教材结论","选项二：忽略关键条件","选项三：结论与题意不符","选项四：混淆核心概念"]', '选项一：符合教材结论', '本题考查生物学科中细胞结构相关基础概念，应优先抓住教材中的核心定义和适用条件。', '细胞结构', '生命科学', '清河大学考试资源库', '生物,细胞结构,课堂基础', 5, 'APPROVED', 1, 1, 0),
    (222, 'SW-022', 5, '生物', 'MULTIPLE_CHOICE', 'EASY', '【生物第22题】围绕遗传与进化，下列哪些说法是正确的？', '["说法一：符合教材结论","说法二：忽略必要条件","说法三：符合题意要求","说法四：与常识明显冲突"]', '说法一：符合教材结论|说法三：符合题意要求', '本题考查遗传与进化的综合判断能力，需要同时识别正确结论和错误干扰项。', '遗传与进化', '生命科学', '清河大学考试资源库', '生物,遗传与进化,课堂基础', 10, 'APPROVED', 1, 1, 0),
    (223, 'SW-023', 5, '生物', 'TRUE_FALSE', 'MEDIUM', '【生物第23题】生态系统是生物学科中的重要基础内容，需要结合具体条件进行判断。该表述是否正确？', '["正确","错误"]', '正确', '本题考查对生态系统基础概念的理解，判断题应重点关注关键词和限定条件。', '生态系统', '生命科学', '清河大学考试资源库', '生物,生态系统,课堂基础', 5, 'APPROVED', 1, 1, 0),
    (224, 'SW-024', 5, '生物', 'SHORT_ANSWER', 'HARD', '【生物第24题】请结合生命活动调节，概述解决相关问题时需要关注的核心思路。', NULL, '参考答案：应围绕生命活动调节的基本概念、关键条件、常见误区和应用场景进行作答。', '本题考查生命活动调节的理解与表达能力，阅卷时重点关注概念准确性、逻辑完整性和学科术语使用。', '生命活动调节', '生命科学', '清河大学考试资源库', '生物,生命活动调节,课堂基础', 15, 'APPROVED', 1, 1, 0),
    (225, 'SW-025', 5, '生物', 'SINGLE_CHOICE', 'EASY', '【生物第25题】关于细胞结构的下列说法，最恰当的一项是？', '["选项一：符合教材结论","选项二：忽略关键条件","选项三：结论与题意不符","选项四：混淆核心概念"]', '选项一：符合教材结论', '本题考查生物学科中细胞结构相关基础概念，应优先抓住教材中的核心定义和适用条件。', '细胞结构', '生命科学', '清河大学考试资源库', '生物,细胞结构,课堂基础', 5, 'APPROVED', 1, 1, 0),
    (226, 'SW-026', 5, '生物', 'MULTIPLE_CHOICE', 'MEDIUM', '【生物第26题】围绕遗传与进化，下列哪些说法是正确的？', '["说法一：符合教材结论","说法二：忽略必要条件","说法三：符合题意要求","说法四：与常识明显冲突"]', '说法一：符合教材结论|说法三：符合题意要求', '本题考查遗传与进化的综合判断能力，需要同时识别正确结论和错误干扰项。', '遗传与进化', '生命科学', '清河大学考试资源库', '生物,遗传与进化,课堂基础', 10, 'APPROVED', 1, 1, 0),
    (227, 'SW-027', 5, '生物', 'TRUE_FALSE', 'HARD', '【生物第27题】生态系统是生物学科中的重要基础内容，需要结合具体条件进行判断。该表述是否正确？', '["正确","错误"]', '正确', '本题考查对生态系统基础概念的理解，判断题应重点关注关键词和限定条件。', '生态系统', '生命科学', '清河大学考试资源库', '生物,生态系统,课堂基础', 5, 'APPROVED', 1, 1, 0),
    (228, 'SW-028', 5, '生物', 'SHORT_ANSWER', 'EASY', '【生物第28题】请结合生命活动调节，概述解决相关问题时需要关注的核心思路。', NULL, '参考答案：应围绕生命活动调节的基本概念、关键条件、常见误区和应用场景进行作答。', '本题考查生命活动调节的理解与表达能力，阅卷时重点关注概念准确性、逻辑完整性和学科术语使用。', '生命活动调节', '生命科学', '清河大学考试资源库', '生物,生命活动调节,课堂基础', 15, 'APPROVED', 1, 1, 0),
    (229, 'SW-029', 5, '生物', 'SINGLE_CHOICE', 'MEDIUM', '【生物第29题】关于细胞结构的下列说法，最恰当的一项是？', '["选项一：符合教材结论","选项二：忽略关键条件","选项三：结论与题意不符","选项四：混淆核心概念"]', '选项一：符合教材结论', '本题考查生物学科中细胞结构相关基础概念，应优先抓住教材中的核心定义和适用条件。', '细胞结构', '生命科学', '清河大学考试资源库', '生物,细胞结构,课堂基础', 5, 'APPROVED', 1, 1, 0),
    (230, 'SW-030', 5, '生物', 'MULTIPLE_CHOICE', 'HARD', '【生物第30题】围绕遗传与进化，下列哪些说法是正确的？', '["说法一：符合教材结论","说法二：忽略必要条件","说法三：符合题意要求","说法四：与常识明显冲突"]', '说法一：符合教材结论|说法三：符合题意要求', '本题考查遗传与进化的综合判断能力，需要同时识别正确结论和错误干扰项。', '遗传与进化', '生命科学', '清河大学考试资源库', '生物,遗传与进化,课堂基础', 10, 'APPROVED', 1, 1, 0),
    (231, 'SW-031', 5, '生物', 'TRUE_FALSE', 'EASY', '【生物第31题】生态系统是生物学科中的重要基础内容，需要结合具体条件进行判断。该表述是否正确？', '["正确","错误"]', '正确', '本题考查对生态系统基础概念的理解，判断题应重点关注关键词和限定条件。', '生态系统', '生命科学', '清河大学考试资源库', '生物,生态系统,课堂基础', 5, 'APPROVED', 1, 1, 0),
    (232, 'SW-032', 5, '生物', 'SHORT_ANSWER', 'MEDIUM', '【生物第32题】请结合生命活动调节，概述解决相关问题时需要关注的核心思路。', NULL, '参考答案：应围绕生命活动调节的基本概念、关键条件、常见误区和应用场景进行作答。', '本题考查生命活动调节的理解与表达能力，阅卷时重点关注概念准确性、逻辑完整性和学科术语使用。', '生命活动调节', '生命科学', '清河大学考试资源库', '生物,生命活动调节,课堂基础', 15, 'APPROVED', 1, 1, 0),
    (233, 'SW-033', 5, '生物', 'SINGLE_CHOICE', 'HARD', '【生物第33题】关于细胞结构的下列说法，最恰当的一项是？', '["选项一：符合教材结论","选项二：忽略关键条件","选项三：结论与题意不符","选项四：混淆核心概念"]', '选项一：符合教材结论', '本题考查生物学科中细胞结构相关基础概念，应优先抓住教材中的核心定义和适用条件。', '细胞结构', '生命科学', '清河大学考试资源库', '生物,细胞结构,课堂基础', 5, 'APPROVED', 1, 1, 0),
    (234, 'SW-034', 5, '生物', 'MULTIPLE_CHOICE', 'EASY', '【生物第34题】围绕遗传与进化，下列哪些说法是正确的？', '["说法一：符合教材结论","说法二：忽略必要条件","说法三：符合题意要求","说法四：与常识明显冲突"]', '说法一：符合教材结论|说法三：符合题意要求', '本题考查遗传与进化的综合判断能力，需要同时识别正确结论和错误干扰项。', '遗传与进化', '生命科学', '清河大学考试资源库', '生物,遗传与进化,课堂基础', 10, 'APPROVED', 1, 1, 0),
    (235, 'SW-035', 5, '生物', 'TRUE_FALSE', 'MEDIUM', '【生物第35题】生态系统是生物学科中的重要基础内容，需要结合具体条件进行判断。该表述是否正确？', '["正确","错误"]', '正确', '本题考查对生态系统基础概念的理解，判断题应重点关注关键词和限定条件。', '生态系统', '生命科学', '清河大学考试资源库', '生物,生态系统,课堂基础', 5, 'APPROVED', 1, 1, 0),
    (236, 'SW-036', 5, '生物', 'SHORT_ANSWER', 'HARD', '【生物第36题】请结合生命活动调节，概述解决相关问题时需要关注的核心思路。', NULL, '参考答案：应围绕生命活动调节的基本概念、关键条件、常见误区和应用场景进行作答。', '本题考查生命活动调节的理解与表达能力，阅卷时重点关注概念准确性、逻辑完整性和学科术语使用。', '生命活动调节', '生命科学', '清河大学考试资源库', '生物,生命活动调节,课堂基础', 15, 'APPROVED', 1, 1, 0),
    (237, 'SW-037', 5, '生物', 'SINGLE_CHOICE', 'EASY', '【生物第37题】关于细胞结构的下列说法，最恰当的一项是？', '["选项一：符合教材结论","选项二：忽略关键条件","选项三：结论与题意不符","选项四：混淆核心概念"]', '选项一：符合教材结论', '本题考查生物学科中细胞结构相关基础概念，应优先抓住教材中的核心定义和适用条件。', '细胞结构', '生命科学', '清河大学考试资源库', '生物,细胞结构,课堂基础', 5, 'APPROVED', 1, 1, 0),
    (238, 'SW-038', 5, '生物', 'MULTIPLE_CHOICE', 'MEDIUM', '【生物第38题】围绕遗传与进化，下列哪些说法是正确的？', '["说法一：符合教材结论","说法二：忽略必要条件","说法三：符合题意要求","说法四：与常识明显冲突"]', '说法一：符合教材结论|说法三：符合题意要求', '本题考查遗传与进化的综合判断能力，需要同时识别正确结论和错误干扰项。', '遗传与进化', '生命科学', '清河大学考试资源库', '生物,遗传与进化,课堂基础', 10, 'APPROVED', 1, 1, 0),
    (239, 'SW-039', 5, '生物', 'TRUE_FALSE', 'HARD', '【生物第39题】生态系统是生物学科中的重要基础内容，需要结合具体条件进行判断。该表述是否正确？', '["正确","错误"]', '正确', '本题考查对生态系统基础概念的理解，判断题应重点关注关键词和限定条件。', '生态系统', '生命科学', '清河大学考试资源库', '生物,生态系统,课堂基础', 5, 'APPROVED', 1, 1, 0),
    (240, 'SW-040', 5, '生物', 'SHORT_ANSWER', 'EASY', '【生物第40题】请结合生命活动调节，概述解决相关问题时需要关注的核心思路。', NULL, '参考答案：应围绕生命活动调节的基本概念、关键条件、常见误区和应用场景进行作答。', '本题考查生命活动调节的理解与表达能力，阅卷时重点关注概念准确性、逻辑完整性和学科术语使用。', '生命活动调节', '生命科学', '清河大学考试资源库', '生物,生命活动调节,课堂基础', 15, 'APPROVED', 1, 1, 0),
    (241, 'LS-001', 6, '历史', 'SINGLE_CHOICE', 'EASY', '【历史第01题】关于中国古代史的下列说法，最恰当的一项是？', '["选项一：符合教材结论","选项二：忽略关键条件","选项三：结论与题意不符","选项四：混淆核心概念"]', '选项一：符合教材结论', '本题考查历史学科中中国古代史相关基础概念，应优先抓住教材中的核心定义和适用条件。', '中国古代史', '历史演进', '清河大学考试资源库', '历史,中国古代史,课堂基础', 5, 'APPROVED', 1, 1, 0),
    (242, 'LS-002', 6, '历史', 'MULTIPLE_CHOICE', 'MEDIUM', '【历史第02题】围绕中国近现代史，下列哪些说法是正确的？', '["说法一：符合教材结论","说法二：忽略必要条件","说法三：符合题意要求","说法四：与常识明显冲突"]', '说法一：符合教材结论|说法三：符合题意要求', '本题考查中国近现代史的综合判断能力，需要同时识别正确结论和错误干扰项。', '中国近现代史', '历史演进', '清河大学考试资源库', '历史,中国近现代史,课堂基础', 10, 'APPROVED', 1, 1, 0),
    (243, 'LS-003', 6, '历史', 'TRUE_FALSE', 'HARD', '【历史第03题】世界近代史是历史学科中的重要基础内容，需要结合具体条件进行判断。该表述是否正确？', '["正确","错误"]', '正确', '本题考查对世界近代史基础概念的理解，判断题应重点关注关键词和限定条件。', '世界近代史', '历史演进', '清河大学考试资源库', '历史,世界近代史,课堂基础', 5, 'APPROVED', 1, 1, 0),
    (244, 'LS-004', 6, '历史', 'SHORT_ANSWER', 'EASY', '【历史第04题】请结合史料分析，概述解决相关问题时需要关注的核心思路。', NULL, '参考答案：应围绕史料分析的基本概念、关键条件、常见误区和应用场景进行作答。', '本题考查史料分析的理解与表达能力，阅卷时重点关注概念准确性、逻辑完整性和学科术语使用。', '史料分析', '历史演进', '清河大学考试资源库', '历史,史料分析,课堂基础', 15, 'APPROVED', 1, 1, 0),
    (245, 'LS-005', 6, '历史', 'SINGLE_CHOICE', 'MEDIUM', '【历史第05题】关于中国古代史的下列说法，最恰当的一项是？', '["选项一：符合教材结论","选项二：忽略关键条件","选项三：结论与题意不符","选项四：混淆核心概念"]', '选项一：符合教材结论', '本题考查历史学科中中国古代史相关基础概念，应优先抓住教材中的核心定义和适用条件。', '中国古代史', '历史演进', '清河大学考试资源库', '历史,中国古代史,课堂基础', 5, 'APPROVED', 1, 1, 0),
    (246, 'LS-006', 6, '历史', 'MULTIPLE_CHOICE', 'HARD', '【历史第06题】围绕中国近现代史，下列哪些说法是正确的？', '["说法一：符合教材结论","说法二：忽略必要条件","说法三：符合题意要求","说法四：与常识明显冲突"]', '说法一：符合教材结论|说法三：符合题意要求', '本题考查中国近现代史的综合判断能力，需要同时识别正确结论和错误干扰项。', '中国近现代史', '历史演进', '清河大学考试资源库', '历史,中国近现代史,课堂基础', 10, 'APPROVED', 1, 1, 0),
    (247, 'LS-007', 6, '历史', 'TRUE_FALSE', 'EASY', '【历史第07题】世界近代史是历史学科中的重要基础内容，需要结合具体条件进行判断。该表述是否正确？', '["正确","错误"]', '正确', '本题考查对世界近代史基础概念的理解，判断题应重点关注关键词和限定条件。', '世界近代史', '历史演进', '清河大学考试资源库', '历史,世界近代史,课堂基础', 5, 'APPROVED', 1, 1, 0),
    (248, 'LS-008', 6, '历史', 'SHORT_ANSWER', 'MEDIUM', '【历史第08题】请结合史料分析，概述解决相关问题时需要关注的核心思路。', NULL, '参考答案：应围绕史料分析的基本概念、关键条件、常见误区和应用场景进行作答。', '本题考查史料分析的理解与表达能力，阅卷时重点关注概念准确性、逻辑完整性和学科术语使用。', '史料分析', '历史演进', '清河大学考试资源库', '历史,史料分析,课堂基础', 15, 'APPROVED', 1, 1, 0),
    (249, 'LS-009', 6, '历史', 'SINGLE_CHOICE', 'HARD', '【历史第09题】关于中国古代史的下列说法，最恰当的一项是？', '["选项一：符合教材结论","选项二：忽略关键条件","选项三：结论与题意不符","选项四：混淆核心概念"]', '选项一：符合教材结论', '本题考查历史学科中中国古代史相关基础概念，应优先抓住教材中的核心定义和适用条件。', '中国古代史', '历史演进', '清河大学考试资源库', '历史,中国古代史,课堂基础', 5, 'APPROVED', 1, 1, 0),
    (250, 'LS-010', 6, '历史', 'MULTIPLE_CHOICE', 'EASY', '【历史第10题】围绕中国近现代史，下列哪些说法是正确的？', '["说法一：符合教材结论","说法二：忽略必要条件","说法三：符合题意要求","说法四：与常识明显冲突"]', '说法一：符合教材结论|说法三：符合题意要求', '本题考查中国近现代史的综合判断能力，需要同时识别正确结论和错误干扰项。', '中国近现代史', '历史演进', '清河大学考试资源库', '历史,中国近现代史,课堂基础', 10, 'APPROVED', 1, 1, 0),
    (251, 'LS-011', 6, '历史', 'TRUE_FALSE', 'MEDIUM', '【历史第11题】世界近代史是历史学科中的重要基础内容，需要结合具体条件进行判断。该表述是否正确？', '["正确","错误"]', '正确', '本题考查对世界近代史基础概念的理解，判断题应重点关注关键词和限定条件。', '世界近代史', '历史演进', '清河大学考试资源库', '历史,世界近代史,课堂基础', 5, 'APPROVED', 1, 1, 0),
    (252, 'LS-012', 6, '历史', 'SHORT_ANSWER', 'HARD', '【历史第12题】请结合史料分析，概述解决相关问题时需要关注的核心思路。', NULL, '参考答案：应围绕史料分析的基本概念、关键条件、常见误区和应用场景进行作答。', '本题考查史料分析的理解与表达能力，阅卷时重点关注概念准确性、逻辑完整性和学科术语使用。', '史料分析', '历史演进', '清河大学考试资源库', '历史,史料分析,课堂基础', 15, 'APPROVED', 1, 1, 0),
    (253, 'LS-013', 6, '历史', 'SINGLE_CHOICE', 'EASY', '【历史第13题】关于中国古代史的下列说法，最恰当的一项是？', '["选项一：符合教材结论","选项二：忽略关键条件","选项三：结论与题意不符","选项四：混淆核心概念"]', '选项一：符合教材结论', '本题考查历史学科中中国古代史相关基础概念，应优先抓住教材中的核心定义和适用条件。', '中国古代史', '历史演进', '清河大学考试资源库', '历史,中国古代史,课堂基础', 5, 'APPROVED', 1, 1, 0),
    (254, 'LS-014', 6, '历史', 'MULTIPLE_CHOICE', 'MEDIUM', '【历史第14题】围绕中国近现代史，下列哪些说法是正确的？', '["说法一：符合教材结论","说法二：忽略必要条件","说法三：符合题意要求","说法四：与常识明显冲突"]', '说法一：符合教材结论|说法三：符合题意要求', '本题考查中国近现代史的综合判断能力，需要同时识别正确结论和错误干扰项。', '中国近现代史', '历史演进', '清河大学考试资源库', '历史,中国近现代史,课堂基础', 10, 'APPROVED', 1, 1, 0),
    (255, 'LS-015', 6, '历史', 'TRUE_FALSE', 'HARD', '【历史第15题】世界近代史是历史学科中的重要基础内容，需要结合具体条件进行判断。该表述是否正确？', '["正确","错误"]', '正确', '本题考查对世界近代史基础概念的理解，判断题应重点关注关键词和限定条件。', '世界近代史', '历史演进', '清河大学考试资源库', '历史,世界近代史,课堂基础', 5, 'APPROVED', 1, 1, 0),
    (256, 'LS-016', 6, '历史', 'SHORT_ANSWER', 'EASY', '【历史第16题】请结合史料分析，概述解决相关问题时需要关注的核心思路。', NULL, '参考答案：应围绕史料分析的基本概念、关键条件、常见误区和应用场景进行作答。', '本题考查史料分析的理解与表达能力，阅卷时重点关注概念准确性、逻辑完整性和学科术语使用。', '史料分析', '历史演进', '清河大学考试资源库', '历史,史料分析,课堂基础', 15, 'APPROVED', 1, 1, 0),
    (257, 'LS-017', 6, '历史', 'SINGLE_CHOICE', 'MEDIUM', '【历史第17题】关于中国古代史的下列说法，最恰当的一项是？', '["选项一：符合教材结论","选项二：忽略关键条件","选项三：结论与题意不符","选项四：混淆核心概念"]', '选项一：符合教材结论', '本题考查历史学科中中国古代史相关基础概念，应优先抓住教材中的核心定义和适用条件。', '中国古代史', '历史演进', '清河大学考试资源库', '历史,中国古代史,课堂基础', 5, 'APPROVED', 1, 1, 0),
    (258, 'LS-018', 6, '历史', 'MULTIPLE_CHOICE', 'HARD', '【历史第18题】围绕中国近现代史，下列哪些说法是正确的？', '["说法一：符合教材结论","说法二：忽略必要条件","说法三：符合题意要求","说法四：与常识明显冲突"]', '说法一：符合教材结论|说法三：符合题意要求', '本题考查中国近现代史的综合判断能力，需要同时识别正确结论和错误干扰项。', '中国近现代史', '历史演进', '清河大学考试资源库', '历史,中国近现代史,课堂基础', 10, 'APPROVED', 1, 1, 0),
    (259, 'LS-019', 6, '历史', 'TRUE_FALSE', 'EASY', '【历史第19题】世界近代史是历史学科中的重要基础内容，需要结合具体条件进行判断。该表述是否正确？', '["正确","错误"]', '正确', '本题考查对世界近代史基础概念的理解，判断题应重点关注关键词和限定条件。', '世界近代史', '历史演进', '清河大学考试资源库', '历史,世界近代史,课堂基础', 5, 'APPROVED', 1, 1, 0),
    (260, 'LS-020', 6, '历史', 'SHORT_ANSWER', 'MEDIUM', '【历史第20题】请结合史料分析，概述解决相关问题时需要关注的核心思路。', NULL, '参考答案：应围绕史料分析的基本概念、关键条件、常见误区和应用场景进行作答。', '本题考查史料分析的理解与表达能力，阅卷时重点关注概念准确性、逻辑完整性和学科术语使用。', '史料分析', '历史演进', '清河大学考试资源库', '历史,史料分析,课堂基础', 15, 'APPROVED', 1, 1, 0),
    (261, 'LS-021', 6, '历史', 'SINGLE_CHOICE', 'HARD', '【历史第21题】关于中国古代史的下列说法，最恰当的一项是？', '["选项一：符合教材结论","选项二：忽略关键条件","选项三：结论与题意不符","选项四：混淆核心概念"]', '选项一：符合教材结论', '本题考查历史学科中中国古代史相关基础概念，应优先抓住教材中的核心定义和适用条件。', '中国古代史', '历史演进', '清河大学考试资源库', '历史,中国古代史,课堂基础', 5, 'APPROVED', 1, 1, 0),
    (262, 'LS-022', 6, '历史', 'MULTIPLE_CHOICE', 'EASY', '【历史第22题】围绕中国近现代史，下列哪些说法是正确的？', '["说法一：符合教材结论","说法二：忽略必要条件","说法三：符合题意要求","说法四：与常识明显冲突"]', '说法一：符合教材结论|说法三：符合题意要求', '本题考查中国近现代史的综合判断能力，需要同时识别正确结论和错误干扰项。', '中国近现代史', '历史演进', '清河大学考试资源库', '历史,中国近现代史,课堂基础', 10, 'APPROVED', 1, 1, 0),
    (263, 'LS-023', 6, '历史', 'TRUE_FALSE', 'MEDIUM', '【历史第23题】世界近代史是历史学科中的重要基础内容，需要结合具体条件进行判断。该表述是否正确？', '["正确","错误"]', '正确', '本题考查对世界近代史基础概念的理解，判断题应重点关注关键词和限定条件。', '世界近代史', '历史演进', '清河大学考试资源库', '历史,世界近代史,课堂基础', 5, 'APPROVED', 1, 1, 0),
    (264, 'LS-024', 6, '历史', 'SHORT_ANSWER', 'HARD', '【历史第24题】请结合史料分析，概述解决相关问题时需要关注的核心思路。', NULL, '参考答案：应围绕史料分析的基本概念、关键条件、常见误区和应用场景进行作答。', '本题考查史料分析的理解与表达能力，阅卷时重点关注概念准确性、逻辑完整性和学科术语使用。', '史料分析', '历史演进', '清河大学考试资源库', '历史,史料分析,课堂基础', 15, 'APPROVED', 1, 1, 0),
    (265, 'LS-025', 6, '历史', 'SINGLE_CHOICE', 'EASY', '【历史第25题】关于中国古代史的下列说法，最恰当的一项是？', '["选项一：符合教材结论","选项二：忽略关键条件","选项三：结论与题意不符","选项四：混淆核心概念"]', '选项一：符合教材结论', '本题考查历史学科中中国古代史相关基础概念，应优先抓住教材中的核心定义和适用条件。', '中国古代史', '历史演进', '清河大学考试资源库', '历史,中国古代史,课堂基础', 5, 'APPROVED', 1, 1, 0),
    (266, 'LS-026', 6, '历史', 'MULTIPLE_CHOICE', 'MEDIUM', '【历史第26题】围绕中国近现代史，下列哪些说法是正确的？', '["说法一：符合教材结论","说法二：忽略必要条件","说法三：符合题意要求","说法四：与常识明显冲突"]', '说法一：符合教材结论|说法三：符合题意要求', '本题考查中国近现代史的综合判断能力，需要同时识别正确结论和错误干扰项。', '中国近现代史', '历史演进', '清河大学考试资源库', '历史,中国近现代史,课堂基础', 10, 'APPROVED', 1, 1, 0),
    (267, 'LS-027', 6, '历史', 'TRUE_FALSE', 'HARD', '【历史第27题】世界近代史是历史学科中的重要基础内容，需要结合具体条件进行判断。该表述是否正确？', '["正确","错误"]', '正确', '本题考查对世界近代史基础概念的理解，判断题应重点关注关键词和限定条件。', '世界近代史', '历史演进', '清河大学考试资源库', '历史,世界近代史,课堂基础', 5, 'APPROVED', 1, 1, 0),
    (268, 'LS-028', 6, '历史', 'SHORT_ANSWER', 'EASY', '【历史第28题】请结合史料分析，概述解决相关问题时需要关注的核心思路。', NULL, '参考答案：应围绕史料分析的基本概念、关键条件、常见误区和应用场景进行作答。', '本题考查史料分析的理解与表达能力，阅卷时重点关注概念准确性、逻辑完整性和学科术语使用。', '史料分析', '历史演进', '清河大学考试资源库', '历史,史料分析,课堂基础', 15, 'APPROVED', 1, 1, 0),
    (269, 'LS-029', 6, '历史', 'SINGLE_CHOICE', 'MEDIUM', '【历史第29题】关于中国古代史的下列说法，最恰当的一项是？', '["选项一：符合教材结论","选项二：忽略关键条件","选项三：结论与题意不符","选项四：混淆核心概念"]', '选项一：符合教材结论', '本题考查历史学科中中国古代史相关基础概念，应优先抓住教材中的核心定义和适用条件。', '中国古代史', '历史演进', '清河大学考试资源库', '历史,中国古代史,课堂基础', 5, 'APPROVED', 1, 1, 0),
    (270, 'LS-030', 6, '历史', 'MULTIPLE_CHOICE', 'HARD', '【历史第30题】围绕中国近现代史，下列哪些说法是正确的？', '["说法一：符合教材结论","说法二：忽略必要条件","说法三：符合题意要求","说法四：与常识明显冲突"]', '说法一：符合教材结论|说法三：符合题意要求', '本题考查中国近现代史的综合判断能力，需要同时识别正确结论和错误干扰项。', '中国近现代史', '历史演进', '清河大学考试资源库', '历史,中国近现代史,课堂基础', 10, 'APPROVED', 1, 1, 0),
    (271, 'LS-031', 6, '历史', 'TRUE_FALSE', 'EASY', '【历史第31题】世界近代史是历史学科中的重要基础内容，需要结合具体条件进行判断。该表述是否正确？', '["正确","错误"]', '正确', '本题考查对世界近代史基础概念的理解，判断题应重点关注关键词和限定条件。', '世界近代史', '历史演进', '清河大学考试资源库', '历史,世界近代史,课堂基础', 5, 'APPROVED', 1, 1, 0),
    (272, 'LS-032', 6, '历史', 'SHORT_ANSWER', 'MEDIUM', '【历史第32题】请结合史料分析，概述解决相关问题时需要关注的核心思路。', NULL, '参考答案：应围绕史料分析的基本概念、关键条件、常见误区和应用场景进行作答。', '本题考查史料分析的理解与表达能力，阅卷时重点关注概念准确性、逻辑完整性和学科术语使用。', '史料分析', '历史演进', '清河大学考试资源库', '历史,史料分析,课堂基础', 15, 'APPROVED', 1, 1, 0),
    (273, 'LS-033', 6, '历史', 'SINGLE_CHOICE', 'HARD', '【历史第33题】关于中国古代史的下列说法，最恰当的一项是？', '["选项一：符合教材结论","选项二：忽略关键条件","选项三：结论与题意不符","选项四：混淆核心概念"]', '选项一：符合教材结论', '本题考查历史学科中中国古代史相关基础概念，应优先抓住教材中的核心定义和适用条件。', '中国古代史', '历史演进', '清河大学考试资源库', '历史,中国古代史,课堂基础', 5, 'APPROVED', 1, 1, 0),
    (274, 'LS-034', 6, '历史', 'MULTIPLE_CHOICE', 'EASY', '【历史第34题】围绕中国近现代史，下列哪些说法是正确的？', '["说法一：符合教材结论","说法二：忽略必要条件","说法三：符合题意要求","说法四：与常识明显冲突"]', '说法一：符合教材结论|说法三：符合题意要求', '本题考查中国近现代史的综合判断能力，需要同时识别正确结论和错误干扰项。', '中国近现代史', '历史演进', '清河大学考试资源库', '历史,中国近现代史,课堂基础', 10, 'APPROVED', 1, 1, 0),
    (275, 'LS-035', 6, '历史', 'TRUE_FALSE', 'MEDIUM', '【历史第35题】世界近代史是历史学科中的重要基础内容，需要结合具体条件进行判断。该表述是否正确？', '["正确","错误"]', '正确', '本题考查对世界近代史基础概念的理解，判断题应重点关注关键词和限定条件。', '世界近代史', '历史演进', '清河大学考试资源库', '历史,世界近代史,课堂基础', 5, 'APPROVED', 1, 1, 0),
    (276, 'LS-036', 6, '历史', 'SHORT_ANSWER', 'HARD', '【历史第36题】请结合史料分析，概述解决相关问题时需要关注的核心思路。', NULL, '参考答案：应围绕史料分析的基本概念、关键条件、常见误区和应用场景进行作答。', '本题考查史料分析的理解与表达能力，阅卷时重点关注概念准确性、逻辑完整性和学科术语使用。', '史料分析', '历史演进', '清河大学考试资源库', '历史,史料分析,课堂基础', 15, 'APPROVED', 1, 1, 0),
    (277, 'LS-037', 6, '历史', 'SINGLE_CHOICE', 'EASY', '【历史第37题】关于中国古代史的下列说法，最恰当的一项是？', '["选项一：符合教材结论","选项二：忽略关键条件","选项三：结论与题意不符","选项四：混淆核心概念"]', '选项一：符合教材结论', '本题考查历史学科中中国古代史相关基础概念，应优先抓住教材中的核心定义和适用条件。', '中国古代史', '历史演进', '清河大学考试资源库', '历史,中国古代史,课堂基础', 5, 'APPROVED', 1, 1, 0),
    (278, 'LS-038', 6, '历史', 'MULTIPLE_CHOICE', 'MEDIUM', '【历史第38题】围绕中国近现代史，下列哪些说法是正确的？', '["说法一：符合教材结论","说法二：忽略必要条件","说法三：符合题意要求","说法四：与常识明显冲突"]', '说法一：符合教材结论|说法三：符合题意要求', '本题考查中国近现代史的综合判断能力，需要同时识别正确结论和错误干扰项。', '中国近现代史', '历史演进', '清河大学考试资源库', '历史,中国近现代史,课堂基础', 10, 'APPROVED', 1, 1, 0),
    (279, 'LS-039', 6, '历史', 'TRUE_FALSE', 'HARD', '【历史第39题】世界近代史是历史学科中的重要基础内容，需要结合具体条件进行判断。该表述是否正确？', '["正确","错误"]', '正确', '本题考查对世界近代史基础概念的理解，判断题应重点关注关键词和限定条件。', '世界近代史', '历史演进', '清河大学考试资源库', '历史,世界近代史,课堂基础', 5, 'APPROVED', 1, 1, 0),
    (280, 'LS-040', 6, '历史', 'SHORT_ANSWER', 'EASY', '【历史第40题】请结合史料分析，概述解决相关问题时需要关注的核心思路。', NULL, '参考答案：应围绕史料分析的基本概念、关键条件、常见误区和应用场景进行作答。', '本题考查史料分析的理解与表达能力，阅卷时重点关注概念准确性、逻辑完整性和学科术语使用。', '史料分析', '历史演进', '清河大学考试资源库', '历史,史料分析,课堂基础', 15, 'APPROVED', 1, 1, 0),
    (281, 'DL-001', 6, '地理', 'SINGLE_CHOICE', 'EASY', '【地理第01题】关于地球运动的下列说法，最恰当的一项是？', '["选项一：符合教材结论","选项二：忽略关键条件","选项三：结论与题意不符","选项四：混淆核心概念"]', '选项一：符合教材结论', '本题考查地理学科中地球运动相关基础概念，应优先抓住教材中的核心定义和适用条件。', '地球运动', '区域与环境', '清河大学考试资源库', '地理,地球运动,课堂基础', 5, 'APPROVED', 1, 1, 0),
    (282, 'DL-002', 6, '地理', 'MULTIPLE_CHOICE', 'MEDIUM', '【地理第02题】围绕自然地理，下列哪些说法是正确的？', '["说法一：符合教材结论","说法二：忽略必要条件","说法三：符合题意要求","说法四：与常识明显冲突"]', '说法一：符合教材结论|说法三：符合题意要求', '本题考查自然地理的综合判断能力，需要同时识别正确结论和错误干扰项。', '自然地理', '区域与环境', '清河大学考试资源库', '地理,自然地理,课堂基础', 10, 'APPROVED', 1, 1, 0),
    (283, 'DL-003', 6, '地理', 'TRUE_FALSE', 'HARD', '【地理第03题】区域地理是地理学科中的重要基础内容，需要结合具体条件进行判断。该表述是否正确？', '["正确","错误"]', '正确', '本题考查对区域地理基础概念的理解，判断题应重点关注关键词和限定条件。', '区域地理', '区域与环境', '清河大学考试资源库', '地理,区域地理,课堂基础', 5, 'APPROVED', 1, 1, 0),
    (284, 'DL-004', 6, '地理', 'SHORT_ANSWER', 'EASY', '【地理第04题】请结合人文地理，概述解决相关问题时需要关注的核心思路。', NULL, '参考答案：应围绕人文地理的基本概念、关键条件、常见误区和应用场景进行作答。', '本题考查人文地理的理解与表达能力，阅卷时重点关注概念准确性、逻辑完整性和学科术语使用。', '人文地理', '区域与环境', '清河大学考试资源库', '地理,人文地理,课堂基础', 15, 'APPROVED', 1, 1, 0),
    (285, 'DL-005', 6, '地理', 'SINGLE_CHOICE', 'MEDIUM', '【地理第05题】关于地球运动的下列说法，最恰当的一项是？', '["选项一：符合教材结论","选项二：忽略关键条件","选项三：结论与题意不符","选项四：混淆核心概念"]', '选项一：符合教材结论', '本题考查地理学科中地球运动相关基础概念，应优先抓住教材中的核心定义和适用条件。', '地球运动', '区域与环境', '清河大学考试资源库', '地理,地球运动,课堂基础', 5, 'APPROVED', 1, 1, 0),
    (286, 'DL-006', 6, '地理', 'MULTIPLE_CHOICE', 'HARD', '【地理第06题】围绕自然地理，下列哪些说法是正确的？', '["说法一：符合教材结论","说法二：忽略必要条件","说法三：符合题意要求","说法四：与常识明显冲突"]', '说法一：符合教材结论|说法三：符合题意要求', '本题考查自然地理的综合判断能力，需要同时识别正确结论和错误干扰项。', '自然地理', '区域与环境', '清河大学考试资源库', '地理,自然地理,课堂基础', 10, 'APPROVED', 1, 1, 0),
    (287, 'DL-007', 6, '地理', 'TRUE_FALSE', 'EASY', '【地理第07题】区域地理是地理学科中的重要基础内容，需要结合具体条件进行判断。该表述是否正确？', '["正确","错误"]', '正确', '本题考查对区域地理基础概念的理解，判断题应重点关注关键词和限定条件。', '区域地理', '区域与环境', '清河大学考试资源库', '地理,区域地理,课堂基础', 5, 'APPROVED', 1, 1, 0),
    (288, 'DL-008', 6, '地理', 'SHORT_ANSWER', 'MEDIUM', '【地理第08题】请结合人文地理，概述解决相关问题时需要关注的核心思路。', NULL, '参考答案：应围绕人文地理的基本概念、关键条件、常见误区和应用场景进行作答。', '本题考查人文地理的理解与表达能力，阅卷时重点关注概念准确性、逻辑完整性和学科术语使用。', '人文地理', '区域与环境', '清河大学考试资源库', '地理,人文地理,课堂基础', 15, 'APPROVED', 1, 1, 0),
    (289, 'DL-009', 6, '地理', 'SINGLE_CHOICE', 'HARD', '【地理第09题】关于地球运动的下列说法，最恰当的一项是？', '["选项一：符合教材结论","选项二：忽略关键条件","选项三：结论与题意不符","选项四：混淆核心概念"]', '选项一：符合教材结论', '本题考查地理学科中地球运动相关基础概念，应优先抓住教材中的核心定义和适用条件。', '地球运动', '区域与环境', '清河大学考试资源库', '地理,地球运动,课堂基础', 5, 'APPROVED', 1, 1, 0),
    (290, 'DL-010', 6, '地理', 'MULTIPLE_CHOICE', 'EASY', '【地理第10题】围绕自然地理，下列哪些说法是正确的？', '["说法一：符合教材结论","说法二：忽略必要条件","说法三：符合题意要求","说法四：与常识明显冲突"]', '说法一：符合教材结论|说法三：符合题意要求', '本题考查自然地理的综合判断能力，需要同时识别正确结论和错误干扰项。', '自然地理', '区域与环境', '清河大学考试资源库', '地理,自然地理,课堂基础', 10, 'APPROVED', 1, 1, 0),
    (291, 'DL-011', 6, '地理', 'TRUE_FALSE', 'MEDIUM', '【地理第11题】区域地理是地理学科中的重要基础内容，需要结合具体条件进行判断。该表述是否正确？', '["正确","错误"]', '正确', '本题考查对区域地理基础概念的理解，判断题应重点关注关键词和限定条件。', '区域地理', '区域与环境', '清河大学考试资源库', '地理,区域地理,课堂基础', 5, 'APPROVED', 1, 1, 0),
    (292, 'DL-012', 6, '地理', 'SHORT_ANSWER', 'HARD', '【地理第12题】请结合人文地理，概述解决相关问题时需要关注的核心思路。', NULL, '参考答案：应围绕人文地理的基本概念、关键条件、常见误区和应用场景进行作答。', '本题考查人文地理的理解与表达能力，阅卷时重点关注概念准确性、逻辑完整性和学科术语使用。', '人文地理', '区域与环境', '清河大学考试资源库', '地理,人文地理,课堂基础', 15, 'APPROVED', 1, 1, 0),
    (293, 'DL-013', 6, '地理', 'SINGLE_CHOICE', 'EASY', '【地理第13题】关于地球运动的下列说法，最恰当的一项是？', '["选项一：符合教材结论","选项二：忽略关键条件","选项三：结论与题意不符","选项四：混淆核心概念"]', '选项一：符合教材结论', '本题考查地理学科中地球运动相关基础概念，应优先抓住教材中的核心定义和适用条件。', '地球运动', '区域与环境', '清河大学考试资源库', '地理,地球运动,课堂基础', 5, 'APPROVED', 1, 1, 0),
    (294, 'DL-014', 6, '地理', 'MULTIPLE_CHOICE', 'MEDIUM', '【地理第14题】围绕自然地理，下列哪些说法是正确的？', '["说法一：符合教材结论","说法二：忽略必要条件","说法三：符合题意要求","说法四：与常识明显冲突"]', '说法一：符合教材结论|说法三：符合题意要求', '本题考查自然地理的综合判断能力，需要同时识别正确结论和错误干扰项。', '自然地理', '区域与环境', '清河大学考试资源库', '地理,自然地理,课堂基础', 10, 'APPROVED', 1, 1, 0),
    (295, 'DL-015', 6, '地理', 'TRUE_FALSE', 'HARD', '【地理第15题】区域地理是地理学科中的重要基础内容，需要结合具体条件进行判断。该表述是否正确？', '["正确","错误"]', '正确', '本题考查对区域地理基础概念的理解，判断题应重点关注关键词和限定条件。', '区域地理', '区域与环境', '清河大学考试资源库', '地理,区域地理,课堂基础', 5, 'APPROVED', 1, 1, 0),
    (296, 'DL-016', 6, '地理', 'SHORT_ANSWER', 'EASY', '【地理第16题】请结合人文地理，概述解决相关问题时需要关注的核心思路。', NULL, '参考答案：应围绕人文地理的基本概念、关键条件、常见误区和应用场景进行作答。', '本题考查人文地理的理解与表达能力，阅卷时重点关注概念准确性、逻辑完整性和学科术语使用。', '人文地理', '区域与环境', '清河大学考试资源库', '地理,人文地理,课堂基础', 15, 'APPROVED', 1, 1, 0),
    (297, 'DL-017', 6, '地理', 'SINGLE_CHOICE', 'MEDIUM', '【地理第17题】关于地球运动的下列说法，最恰当的一项是？', '["选项一：符合教材结论","选项二：忽略关键条件","选项三：结论与题意不符","选项四：混淆核心概念"]', '选项一：符合教材结论', '本题考查地理学科中地球运动相关基础概念，应优先抓住教材中的核心定义和适用条件。', '地球运动', '区域与环境', '清河大学考试资源库', '地理,地球运动,课堂基础', 5, 'APPROVED', 1, 1, 0),
    (298, 'DL-018', 6, '地理', 'MULTIPLE_CHOICE', 'HARD', '【地理第18题】围绕自然地理，下列哪些说法是正确的？', '["说法一：符合教材结论","说法二：忽略必要条件","说法三：符合题意要求","说法四：与常识明显冲突"]', '说法一：符合教材结论|说法三：符合题意要求', '本题考查自然地理的综合判断能力，需要同时识别正确结论和错误干扰项。', '自然地理', '区域与环境', '清河大学考试资源库', '地理,自然地理,课堂基础', 10, 'APPROVED', 1, 1, 0),
    (299, 'DL-019', 6, '地理', 'TRUE_FALSE', 'EASY', '【地理第19题】区域地理是地理学科中的重要基础内容，需要结合具体条件进行判断。该表述是否正确？', '["正确","错误"]', '正确', '本题考查对区域地理基础概念的理解，判断题应重点关注关键词和限定条件。', '区域地理', '区域与环境', '清河大学考试资源库', '地理,区域地理,课堂基础', 5, 'APPROVED', 1, 1, 0),
    (300, 'DL-020', 6, '地理', 'SHORT_ANSWER', 'MEDIUM', '【地理第20题】请结合人文地理，概述解决相关问题时需要关注的核心思路。', NULL, '参考答案：应围绕人文地理的基本概念、关键条件、常见误区和应用场景进行作答。', '本题考查人文地理的理解与表达能力，阅卷时重点关注概念准确性、逻辑完整性和学科术语使用。', '人文地理', '区域与环境', '清河大学考试资源库', '地理,人文地理,课堂基础', 15, 'APPROVED', 1, 1, 0),
    (301, 'DL-021', 6, '地理', 'SINGLE_CHOICE', 'HARD', '【地理第21题】关于地球运动的下列说法，最恰当的一项是？', '["选项一：符合教材结论","选项二：忽略关键条件","选项三：结论与题意不符","选项四：混淆核心概念"]', '选项一：符合教材结论', '本题考查地理学科中地球运动相关基础概念，应优先抓住教材中的核心定义和适用条件。', '地球运动', '区域与环境', '清河大学考试资源库', '地理,地球运动,课堂基础', 5, 'APPROVED', 1, 1, 0),
    (302, 'DL-022', 6, '地理', 'MULTIPLE_CHOICE', 'EASY', '【地理第22题】围绕自然地理，下列哪些说法是正确的？', '["说法一：符合教材结论","说法二：忽略必要条件","说法三：符合题意要求","说法四：与常识明显冲突"]', '说法一：符合教材结论|说法三：符合题意要求', '本题考查自然地理的综合判断能力，需要同时识别正确结论和错误干扰项。', '自然地理', '区域与环境', '清河大学考试资源库', '地理,自然地理,课堂基础', 10, 'APPROVED', 1, 1, 0),
    (303, 'DL-023', 6, '地理', 'TRUE_FALSE', 'MEDIUM', '【地理第23题】区域地理是地理学科中的重要基础内容，需要结合具体条件进行判断。该表述是否正确？', '["正确","错误"]', '正确', '本题考查对区域地理基础概念的理解，判断题应重点关注关键词和限定条件。', '区域地理', '区域与环境', '清河大学考试资源库', '地理,区域地理,课堂基础', 5, 'APPROVED', 1, 1, 0),
    (304, 'DL-024', 6, '地理', 'SHORT_ANSWER', 'HARD', '【地理第24题】请结合人文地理，概述解决相关问题时需要关注的核心思路。', NULL, '参考答案：应围绕人文地理的基本概念、关键条件、常见误区和应用场景进行作答。', '本题考查人文地理的理解与表达能力，阅卷时重点关注概念准确性、逻辑完整性和学科术语使用。', '人文地理', '区域与环境', '清河大学考试资源库', '地理,人文地理,课堂基础', 15, 'APPROVED', 1, 1, 0),
    (305, 'DL-025', 6, '地理', 'SINGLE_CHOICE', 'EASY', '【地理第25题】关于地球运动的下列说法，最恰当的一项是？', '["选项一：符合教材结论","选项二：忽略关键条件","选项三：结论与题意不符","选项四：混淆核心概念"]', '选项一：符合教材结论', '本题考查地理学科中地球运动相关基础概念，应优先抓住教材中的核心定义和适用条件。', '地球运动', '区域与环境', '清河大学考试资源库', '地理,地球运动,课堂基础', 5, 'APPROVED', 1, 1, 0),
    (306, 'DL-026', 6, '地理', 'MULTIPLE_CHOICE', 'MEDIUM', '【地理第26题】围绕自然地理，下列哪些说法是正确的？', '["说法一：符合教材结论","说法二：忽略必要条件","说法三：符合题意要求","说法四：与常识明显冲突"]', '说法一：符合教材结论|说法三：符合题意要求', '本题考查自然地理的综合判断能力，需要同时识别正确结论和错误干扰项。', '自然地理', '区域与环境', '清河大学考试资源库', '地理,自然地理,课堂基础', 10, 'APPROVED', 1, 1, 0),
    (307, 'DL-027', 6, '地理', 'TRUE_FALSE', 'HARD', '【地理第27题】区域地理是地理学科中的重要基础内容，需要结合具体条件进行判断。该表述是否正确？', '["正确","错误"]', '正确', '本题考查对区域地理基础概念的理解，判断题应重点关注关键词和限定条件。', '区域地理', '区域与环境', '清河大学考试资源库', '地理,区域地理,课堂基础', 5, 'APPROVED', 1, 1, 0),
    (308, 'DL-028', 6, '地理', 'SHORT_ANSWER', 'EASY', '【地理第28题】请结合人文地理，概述解决相关问题时需要关注的核心思路。', NULL, '参考答案：应围绕人文地理的基本概念、关键条件、常见误区和应用场景进行作答。', '本题考查人文地理的理解与表达能力，阅卷时重点关注概念准确性、逻辑完整性和学科术语使用。', '人文地理', '区域与环境', '清河大学考试资源库', '地理,人文地理,课堂基础', 15, 'APPROVED', 1, 1, 0),
    (309, 'DL-029', 6, '地理', 'SINGLE_CHOICE', 'MEDIUM', '【地理第29题】关于地球运动的下列说法，最恰当的一项是？', '["选项一：符合教材结论","选项二：忽略关键条件","选项三：结论与题意不符","选项四：混淆核心概念"]', '选项一：符合教材结论', '本题考查地理学科中地球运动相关基础概念，应优先抓住教材中的核心定义和适用条件。', '地球运动', '区域与环境', '清河大学考试资源库', '地理,地球运动,课堂基础', 5, 'APPROVED', 1, 1, 0),
    (310, 'DL-030', 6, '地理', 'MULTIPLE_CHOICE', 'HARD', '【地理第30题】围绕自然地理，下列哪些说法是正确的？', '["说法一：符合教材结论","说法二：忽略必要条件","说法三：符合题意要求","说法四：与常识明显冲突"]', '说法一：符合教材结论|说法三：符合题意要求', '本题考查自然地理的综合判断能力，需要同时识别正确结论和错误干扰项。', '自然地理', '区域与环境', '清河大学考试资源库', '地理,自然地理,课堂基础', 10, 'APPROVED', 1, 1, 0),
    (311, 'DL-031', 6, '地理', 'TRUE_FALSE', 'EASY', '【地理第31题】区域地理是地理学科中的重要基础内容，需要结合具体条件进行判断。该表述是否正确？', '["正确","错误"]', '正确', '本题考查对区域地理基础概念的理解，判断题应重点关注关键词和限定条件。', '区域地理', '区域与环境', '清河大学考试资源库', '地理,区域地理,课堂基础', 5, 'APPROVED', 1, 1, 0),
    (312, 'DL-032', 6, '地理', 'SHORT_ANSWER', 'MEDIUM', '【地理第32题】请结合人文地理，概述解决相关问题时需要关注的核心思路。', NULL, '参考答案：应围绕人文地理的基本概念、关键条件、常见误区和应用场景进行作答。', '本题考查人文地理的理解与表达能力，阅卷时重点关注概念准确性、逻辑完整性和学科术语使用。', '人文地理', '区域与环境', '清河大学考试资源库', '地理,人文地理,课堂基础', 15, 'APPROVED', 1, 1, 0),
    (313, 'DL-033', 6, '地理', 'SINGLE_CHOICE', 'HARD', '【地理第33题】关于地球运动的下列说法，最恰当的一项是？', '["选项一：符合教材结论","选项二：忽略关键条件","选项三：结论与题意不符","选项四：混淆核心概念"]', '选项一：符合教材结论', '本题考查地理学科中地球运动相关基础概念，应优先抓住教材中的核心定义和适用条件。', '地球运动', '区域与环境', '清河大学考试资源库', '地理,地球运动,课堂基础', 5, 'APPROVED', 1, 1, 0),
    (314, 'DL-034', 6, '地理', 'MULTIPLE_CHOICE', 'EASY', '【地理第34题】围绕自然地理，下列哪些说法是正确的？', '["说法一：符合教材结论","说法二：忽略必要条件","说法三：符合题意要求","说法四：与常识明显冲突"]', '说法一：符合教材结论|说法三：符合题意要求', '本题考查自然地理的综合判断能力，需要同时识别正确结论和错误干扰项。', '自然地理', '区域与环境', '清河大学考试资源库', '地理,自然地理,课堂基础', 10, 'APPROVED', 1, 1, 0),
    (315, 'DL-035', 6, '地理', 'TRUE_FALSE', 'MEDIUM', '【地理第35题】区域地理是地理学科中的重要基础内容，需要结合具体条件进行判断。该表述是否正确？', '["正确","错误"]', '正确', '本题考查对区域地理基础概念的理解，判断题应重点关注关键词和限定条件。', '区域地理', '区域与环境', '清河大学考试资源库', '地理,区域地理,课堂基础', 5, 'APPROVED', 1, 1, 0),
    (316, 'DL-036', 6, '地理', 'SHORT_ANSWER', 'HARD', '【地理第36题】请结合人文地理，概述解决相关问题时需要关注的核心思路。', NULL, '参考答案：应围绕人文地理的基本概念、关键条件、常见误区和应用场景进行作答。', '本题考查人文地理的理解与表达能力，阅卷时重点关注概念准确性、逻辑完整性和学科术语使用。', '人文地理', '区域与环境', '清河大学考试资源库', '地理,人文地理,课堂基础', 15, 'APPROVED', 1, 1, 0),
    (317, 'DL-037', 6, '地理', 'SINGLE_CHOICE', 'EASY', '【地理第37题】关于地球运动的下列说法，最恰当的一项是？', '["选项一：符合教材结论","选项二：忽略关键条件","选项三：结论与题意不符","选项四：混淆核心概念"]', '选项一：符合教材结论', '本题考查地理学科中地球运动相关基础概念，应优先抓住教材中的核心定义和适用条件。', '地球运动', '区域与环境', '清河大学考试资源库', '地理,地球运动,课堂基础', 5, 'APPROVED', 1, 1, 0),
    (318, 'DL-038', 6, '地理', 'MULTIPLE_CHOICE', 'MEDIUM', '【地理第38题】围绕自然地理，下列哪些说法是正确的？', '["说法一：符合教材结论","说法二：忽略必要条件","说法三：符合题意要求","说法四：与常识明显冲突"]', '说法一：符合教材结论|说法三：符合题意要求', '本题考查自然地理的综合判断能力，需要同时识别正确结论和错误干扰项。', '自然地理', '区域与环境', '清河大学考试资源库', '地理,自然地理,课堂基础', 10, 'APPROVED', 1, 1, 0),
    (319, 'DL-039', 6, '地理', 'TRUE_FALSE', 'HARD', '【地理第39题】区域地理是地理学科中的重要基础内容，需要结合具体条件进行判断。该表述是否正确？', '["正确","错误"]', '正确', '本题考查对区域地理基础概念的理解，判断题应重点关注关键词和限定条件。', '区域地理', '区域与环境', '清河大学考试资源库', '地理,区域地理,课堂基础', 5, 'APPROVED', 1, 1, 0),
    (320, 'DL-040', 6, '地理', 'SHORT_ANSWER', 'EASY', '【地理第40题】请结合人文地理，概述解决相关问题时需要关注的核心思路。', NULL, '参考答案：应围绕人文地理的基本概念、关键条件、常见误区和应用场景进行作答。', '本题考查人文地理的理解与表达能力，阅卷时重点关注概念准确性、逻辑完整性和学科术语使用。', '人文地理', '区域与环境', '清河大学考试资源库', '地理,人文地理,课堂基础', 15, 'APPROVED', 1, 1, 0);

INSERT INTO biz_exam_paper (id, paper_code, organization_id, paper_name, subject, assembly_mode, description_text, paper_version, remark_text, duration_minutes, total_score, pass_score, question_count, shuffle_enabled, question_type_config_json, difficulty_config_json, publish_status, deleted) VALUES
    (1, 'SJ-YW-001', 2, '语文期中模拟卷', '语文', 'MANUAL', '用于语文学科日常测验与期中演练。', '2026春季A卷', '初始化示例试卷', 90, 175, 105, 20, 0, NULL, NULL, 1, 0),
    (2, 'SJ-SX-001', 3, '数学期中模拟卷', '数学', 'MANUAL', '用于数学学科日常测验与期中演练。', '2026春季A卷', '初始化示例试卷', 90, 175, 105, 20, 0, NULL, NULL, 1, 0),
    (3, 'SJ-YY-001', 4, '英语期中模拟卷', '英语', 'MANUAL', '用于英语学科日常测验与期中演练。', '2026春季A卷', '初始化示例试卷', 90, 175, 105, 20, 0, NULL, NULL, 1, 0),
    (4, 'SJ-WL-001', 3, '物理期中模拟卷', '物理', 'MANUAL', '用于物理学科日常测验与期中演练。', '2026春季A卷', '初始化示例试卷', 90, 175, 105, 20, 0, NULL, NULL, 1, 0),
    (5, 'SJ-HX-001', 3, '化学期中模拟卷', '化学', 'MANUAL', '用于化学学科日常测验与期中演练。', '2026春季A卷', '初始化示例试卷', 90, 175, 105, 20, 0, NULL, NULL, 1, 0),
    (6, 'SJ-SW-001', 5, '生物期中模拟卷', '生物', 'MANUAL', '用于生物学科日常测验与期中演练。', '2026春季A卷', '初始化示例试卷', 90, 175, 105, 20, 0, NULL, NULL, 1, 0),
    (7, 'SJ-LS-001', 6, '历史期中模拟卷', '历史', 'MANUAL', '用于历史学科日常测验与期中演练。', '2026春季A卷', '初始化示例试卷', 90, 175, 105, 20, 0, NULL, NULL, 1, 0),
    (8, 'SJ-DL-001', 6, '地理期中模拟卷', '地理', 'MANUAL', '用于地理学科日常测验与期中演练。', '2026春季A卷', '初始化示例试卷', 90, 175, 105, 20, 0, NULL, NULL, 1, 0);

INSERT INTO biz_paper_question (id, paper_id, question_id, sort_no, score, required_flag, deleted) VALUES
    (1, 1, 1, 1, 5, 1, 0),
    (2, 1, 2, 2, 10, 1, 0),
    (3, 1, 3, 3, 5, 1, 0),
    (4, 1, 4, 4, 15, 1, 0),
    (5, 1, 5, 5, 5, 1, 0),
    (6, 1, 6, 6, 10, 1, 0),
    (7, 1, 7, 7, 5, 1, 0),
    (8, 1, 8, 8, 15, 1, 0),
    (9, 1, 9, 9, 5, 1, 0),
    (10, 1, 10, 10, 10, 1, 0),
    (11, 1, 11, 11, 5, 1, 0),
    (12, 1, 12, 12, 15, 1, 0),
    (13, 1, 13, 13, 5, 1, 0),
    (14, 1, 14, 14, 10, 1, 0),
    (15, 1, 15, 15, 5, 1, 0),
    (16, 1, 16, 16, 15, 1, 0),
    (17, 1, 17, 17, 5, 1, 0),
    (18, 1, 18, 18, 10, 1, 0),
    (19, 1, 19, 19, 5, 1, 0),
    (20, 1, 20, 20, 15, 1, 0),
    (21, 2, 41, 1, 5, 1, 0),
    (22, 2, 42, 2, 10, 1, 0),
    (23, 2, 43, 3, 5, 1, 0),
    (24, 2, 44, 4, 15, 1, 0),
    (25, 2, 45, 5, 5, 1, 0),
    (26, 2, 46, 6, 10, 1, 0),
    (27, 2, 47, 7, 5, 1, 0),
    (28, 2, 48, 8, 15, 1, 0),
    (29, 2, 49, 9, 5, 1, 0),
    (30, 2, 50, 10, 10, 1, 0),
    (31, 2, 51, 11, 5, 1, 0),
    (32, 2, 52, 12, 15, 1, 0),
    (33, 2, 53, 13, 5, 1, 0),
    (34, 2, 54, 14, 10, 1, 0),
    (35, 2, 55, 15, 5, 1, 0),
    (36, 2, 56, 16, 15, 1, 0),
    (37, 2, 57, 17, 5, 1, 0),
    (38, 2, 58, 18, 10, 1, 0),
    (39, 2, 59, 19, 5, 1, 0),
    (40, 2, 60, 20, 15, 1, 0),
    (41, 3, 81, 1, 5, 1, 0),
    (42, 3, 82, 2, 10, 1, 0),
    (43, 3, 83, 3, 5, 1, 0),
    (44, 3, 84, 4, 15, 1, 0),
    (45, 3, 85, 5, 5, 1, 0),
    (46, 3, 86, 6, 10, 1, 0),
    (47, 3, 87, 7, 5, 1, 0),
    (48, 3, 88, 8, 15, 1, 0),
    (49, 3, 89, 9, 5, 1, 0),
    (50, 3, 90, 10, 10, 1, 0),
    (51, 3, 91, 11, 5, 1, 0),
    (52, 3, 92, 12, 15, 1, 0),
    (53, 3, 93, 13, 5, 1, 0),
    (54, 3, 94, 14, 10, 1, 0),
    (55, 3, 95, 15, 5, 1, 0),
    (56, 3, 96, 16, 15, 1, 0),
    (57, 3, 97, 17, 5, 1, 0),
    (58, 3, 98, 18, 10, 1, 0),
    (59, 3, 99, 19, 5, 1, 0),
    (60, 3, 100, 20, 15, 1, 0),
    (61, 4, 121, 1, 5, 1, 0),
    (62, 4, 122, 2, 10, 1, 0),
    (63, 4, 123, 3, 5, 1, 0),
    (64, 4, 124, 4, 15, 1, 0),
    (65, 4, 125, 5, 5, 1, 0),
    (66, 4, 126, 6, 10, 1, 0),
    (67, 4, 127, 7, 5, 1, 0),
    (68, 4, 128, 8, 15, 1, 0),
    (69, 4, 129, 9, 5, 1, 0),
    (70, 4, 130, 10, 10, 1, 0),
    (71, 4, 131, 11, 5, 1, 0),
    (72, 4, 132, 12, 15, 1, 0),
    (73, 4, 133, 13, 5, 1, 0),
    (74, 4, 134, 14, 10, 1, 0),
    (75, 4, 135, 15, 5, 1, 0),
    (76, 4, 136, 16, 15, 1, 0),
    (77, 4, 137, 17, 5, 1, 0),
    (78, 4, 138, 18, 10, 1, 0),
    (79, 4, 139, 19, 5, 1, 0),
    (80, 4, 140, 20, 15, 1, 0),
    (81, 5, 161, 1, 5, 1, 0),
    (82, 5, 162, 2, 10, 1, 0),
    (83, 5, 163, 3, 5, 1, 0),
    (84, 5, 164, 4, 15, 1, 0),
    (85, 5, 165, 5, 5, 1, 0),
    (86, 5, 166, 6, 10, 1, 0),
    (87, 5, 167, 7, 5, 1, 0),
    (88, 5, 168, 8, 15, 1, 0),
    (89, 5, 169, 9, 5, 1, 0),
    (90, 5, 170, 10, 10, 1, 0),
    (91, 5, 171, 11, 5, 1, 0),
    (92, 5, 172, 12, 15, 1, 0),
    (93, 5, 173, 13, 5, 1, 0),
    (94, 5, 174, 14, 10, 1, 0),
    (95, 5, 175, 15, 5, 1, 0),
    (96, 5, 176, 16, 15, 1, 0),
    (97, 5, 177, 17, 5, 1, 0),
    (98, 5, 178, 18, 10, 1, 0),
    (99, 5, 179, 19, 5, 1, 0),
    (100, 5, 180, 20, 15, 1, 0),
    (101, 6, 201, 1, 5, 1, 0),
    (102, 6, 202, 2, 10, 1, 0),
    (103, 6, 203, 3, 5, 1, 0),
    (104, 6, 204, 4, 15, 1, 0),
    (105, 6, 205, 5, 5, 1, 0),
    (106, 6, 206, 6, 10, 1, 0),
    (107, 6, 207, 7, 5, 1, 0),
    (108, 6, 208, 8, 15, 1, 0),
    (109, 6, 209, 9, 5, 1, 0),
    (110, 6, 210, 10, 10, 1, 0),
    (111, 6, 211, 11, 5, 1, 0),
    (112, 6, 212, 12, 15, 1, 0),
    (113, 6, 213, 13, 5, 1, 0),
    (114, 6, 214, 14, 10, 1, 0),
    (115, 6, 215, 15, 5, 1, 0),
    (116, 6, 216, 16, 15, 1, 0),
    (117, 6, 217, 17, 5, 1, 0),
    (118, 6, 218, 18, 10, 1, 0),
    (119, 6, 219, 19, 5, 1, 0),
    (120, 6, 220, 20, 15, 1, 0),
    (121, 7, 241, 1, 5, 1, 0),
    (122, 7, 242, 2, 10, 1, 0),
    (123, 7, 243, 3, 5, 1, 0),
    (124, 7, 244, 4, 15, 1, 0),
    (125, 7, 245, 5, 5, 1, 0),
    (126, 7, 246, 6, 10, 1, 0),
    (127, 7, 247, 7, 5, 1, 0),
    (128, 7, 248, 8, 15, 1, 0),
    (129, 7, 249, 9, 5, 1, 0),
    (130, 7, 250, 10, 10, 1, 0),
    (131, 7, 251, 11, 5, 1, 0),
    (132, 7, 252, 12, 15, 1, 0),
    (133, 7, 253, 13, 5, 1, 0),
    (134, 7, 254, 14, 10, 1, 0),
    (135, 7, 255, 15, 5, 1, 0),
    (136, 7, 256, 16, 15, 1, 0),
    (137, 7, 257, 17, 5, 1, 0),
    (138, 7, 258, 18, 10, 1, 0),
    (139, 7, 259, 19, 5, 1, 0),
    (140, 7, 260, 20, 15, 1, 0),
    (141, 8, 281, 1, 5, 1, 0),
    (142, 8, 282, 2, 10, 1, 0),
    (143, 8, 283, 3, 5, 1, 0),
    (144, 8, 284, 4, 15, 1, 0),
    (145, 8, 285, 5, 5, 1, 0),
    (146, 8, 286, 6, 10, 1, 0),
    (147, 8, 287, 7, 5, 1, 0),
    (148, 8, 288, 8, 15, 1, 0),
    (149, 8, 289, 9, 5, 1, 0),
    (150, 8, 290, 10, 10, 1, 0),
    (151, 8, 291, 11, 5, 1, 0),
    (152, 8, 292, 12, 15, 1, 0),
    (153, 8, 293, 13, 5, 1, 0),
    (154, 8, 294, 14, 10, 1, 0),
    (155, 8, 295, 15, 5, 1, 0),
    (156, 8, 296, 16, 15, 1, 0),
    (157, 8, 297, 17, 5, 1, 0),
    (158, 8, 298, 18, 10, 1, 0),
    (159, 8, 299, 19, 5, 1, 0),
    (160, 8, 300, 20, 15, 1, 0);

INSERT INTO biz_exam_plan (id, exam_code, exam_name, organization_id, paper_id, paper_name, subject, start_time, end_time, duration_minutes, pass_score, candidate_scope, attempt_limit, exam_password, late_entry_minutes, early_submit_minutes, auto_submit_enabled, anti_cheat_level, instruction_text, status, publish_status, deleted) VALUES
    (1, 'KS-2026-YW-01', '2026级语文阶段测验', 2, 1, '语文期中模拟卷', '语文', TIMESTAMP '2026-03-01 08:00:00', TIMESTAMP '2026-06-30 23:59:59', 90, 105, 'ASSIGNED', 1, 'YW2026', 43200, 0, 1, 'BASIC', '请按要求完成考试，进入考试后请保持页面可见，提交前请认真检查。', 1, 1, 0),
    (2, 'KS-2026-SX-01', '2026级数学阶段测验', 3, 2, '数学期中模拟卷', '数学', TIMESTAMP '2026-03-01 08:00:00', TIMESTAMP '2026-06-30 23:59:59', 90, 105, 'ASSIGNED', 1, 'SX2026', 43200, 0, 1, 'BASIC', '请按要求完成考试，进入考试后请保持页面可见，提交前请认真检查。', 1, 1, 0),
    (3, 'KS-2026-YY-01', '2026级英语阶段测验', 4, 3, '英语期中模拟卷', '英语', TIMESTAMP '2026-03-01 08:00:00', TIMESTAMP '2026-06-30 23:59:59', 90, 105, 'ASSIGNED', 1, 'YY2026', 43200, 0, 1, 'BASIC', '请按要求完成考试，进入考试后请保持页面可见，提交前请认真检查。', 1, 1, 0),
    (4, 'KS-2026-WL-01', '2026级物理阶段测验', 3, 4, '物理期中模拟卷', '物理', TIMESTAMP '2026-03-01 08:00:00', TIMESTAMP '2026-06-30 23:59:59', 90, 105, 'ASSIGNED', 1, 'WL2026', 43200, 0, 1, 'BASIC', '请按要求完成考试，进入考试后请保持页面可见，提交前请认真检查。', 1, 1, 0),
    (5, 'KS-2026-SW-01', '2026级生物阶段测验', 5, 6, '生物期中模拟卷', '生物', TIMESTAMP '2026-03-01 08:00:00', TIMESTAMP '2026-06-30 23:59:59', 90, 105, 'ASSIGNED', 1, 'SW2026', 43200, 0, 1, 'BASIC', '请按要求完成考试，进入考试后请保持页面可见，提交前请认真检查。', 1, 1, 0),
    (6, 'KS-2026-LS-01', '2026级历史地理综合测验', 6, 7, '历史期中模拟卷', '历史', TIMESTAMP '2026-03-01 08:00:00', TIMESTAMP '2026-06-30 23:59:59', 90, 105, 'ASSIGNED', 1, 'LS2026', 43200, 0, 1, 'BASIC', '请按要求完成考试，进入考试后请保持页面可见，提交前请认真检查。', 1, 1, 0);

INSERT INTO biz_exam_candidate (id, exam_plan_id, user_id, candidate_name, organization_name, status, access_code, attempt_count, deleted) VALUES
    (1, 1, 15, '张晨琪', '汉语言文学一班', 'ASSIGNED', 'A0001', 0, 0),
    (2, 1, 21, '杨轩昊', '汉语言文学一班', 'ASSIGNED', 'A0002', 0, 0),
    (3, 1, 27, '胡晴恩', '汉语言文学一班', 'ASSIGNED', 'A0003', 0, 0),
    (4, 1, 33, '马维文', '汉语言文学一班', 'ASSIGNED', 'A0004', 0, 0),
    (5, 1, 39, '刘雪颖', '汉语言文学一班', 'SUBMITTED', 'A0005', 1, 0),
    (6, 1, 45, '徐宁萌', '汉语言文学一班', 'ASSIGNED', 'A0006', 0, 0),
    (7, 1, 51, '何源然', '汉语言文学一班', 'ASSIGNED', 'A0007', 0, 0),
    (8, 1, 57, '李宇航', '汉语言文学一班', 'ASSIGNED', 'A0008', 0, 0),
    (9, 1, 63, '周涵雅', '汉语言文学一班', 'ASSIGNED', 'A0009', 0, 0),
    (10, 1, 69, '高凡泽', '汉语言文学一班', 'SUBMITTED', 'A0010', 1, 0),
    (11, 2, 16, '王浩琳', '数学与应用数学一班', 'ASSIGNED', 'A0011', 0, 0),
    (12, 2, 22, '黄杰祺', '数学与应用数学一班', 'ASSIGNED', 'A0012', 0, 0),
    (13, 2, 28, '朱嘉妍', '数学与应用数学一班', 'ASSIGNED', 'A0013', 0, 0),
    (14, 2, 34, '罗彤远', '数学与应用数学一班', 'ASSIGNED', 'A0014', 0, 0),
    (15, 2, 40, '陈婷瑞', '数学与应用数学一班', 'SUBMITTED', 'A0015', 1, 0),
    (16, 2, 46, '孙博哲', '数学与应用数学一班', 'ASSIGNED', 'A0016', 0, 0),
    (17, 2, 52, '郭可怡', '数学与应用数学一班', 'ASSIGNED', 'A0017', 0, 0),
    (18, 2, 58, '赵欣峰', '数学与应用数学一班', 'ASSIGNED', 'A0018', 0, 0),
    (19, 2, 64, '吴悦辰', '数学与应用数学一班', 'ASSIGNED', 'A0019', 0, 0),
    (20, 2, 70, '林思一', '数学与应用数学一班', 'SUBMITTED', 'A0020', 1, 0),
    (21, 3, 17, '李宇航', '英语教育一班', 'ASSIGNED', 'A0021', 0, 0),
    (22, 3, 23, '周涵雅', '英语教育一班', 'ASSIGNED', 'A0022', 0, 0),
    (23, 3, 29, '高凡泽', '英语教育一班', 'ASSIGNED', 'A0023', 0, 0),
    (24, 3, 35, '张晨琪', '英语教育一班', 'ASSIGNED', 'A0024', 0, 0),
    (25, 3, 41, '杨轩昊', '英语教育一班', 'SUBMITTED', 'A0025', 1, 0),
    (26, 3, 47, '胡晴恩', '英语教育一班', 'ASSIGNED', 'A0026', 0, 0),
    (27, 3, 53, '马维文', '英语教育一班', 'ASSIGNED', 'A0027', 0, 0),
    (28, 3, 59, '刘雪颖', '英语教育一班', 'ASSIGNED', 'A0028', 0, 0),
    (29, 3, 65, '徐宁萌', '英语教育一班', 'ASSIGNED', 'A0029', 0, 0),
    (30, 3, 71, '何源然', '英语教育一班', 'SUBMITTED', 'A0030', 1, 0),
    (31, 4, 18, '赵欣峰', '物理化学综合一班', 'ASSIGNED', 'A0031', 0, 0),
    (32, 4, 24, '吴悦辰', '物理化学综合一班', 'ASSIGNED', 'A0032', 0, 0),
    (33, 4, 30, '林思一', '物理化学综合一班', 'ASSIGNED', 'A0033', 0, 0),
    (34, 4, 36, '王浩琳', '物理化学综合一班', 'ASSIGNED', 'A0034', 0, 0),
    (35, 4, 42, '黄杰祺', '物理化学综合一班', 'SUBMITTED', 'A0035', 1, 0),
    (36, 4, 48, '朱嘉妍', '物理化学综合一班', 'ASSIGNED', 'A0036', 0, 0),
    (37, 4, 54, '罗彤远', '物理化学综合一班', 'ASSIGNED', 'A0037', 0, 0),
    (38, 4, 60, '陈婷瑞', '物理化学综合一班', 'ASSIGNED', 'A0038', 0, 0),
    (39, 4, 66, '孙博哲', '物理化学综合一班', 'ASSIGNED', 'A0039', 0, 0),
    (40, 4, 72, '郭可怡', '物理化学综合一班', 'SUBMITTED', 'A0040', 1, 0),
    (41, 5, 19, '刘雪颖', '生物科学一班', 'ASSIGNED', 'A0041', 0, 0),
    (42, 5, 25, '徐宁萌', '生物科学一班', 'ASSIGNED', 'A0042', 0, 0),
    (43, 5, 31, '何源然', '生物科学一班', 'ASSIGNED', 'A0043', 0, 0),
    (44, 5, 37, '李宇航', '生物科学一班', 'ASSIGNED', 'A0044', 0, 0),
    (45, 5, 43, '周涵雅', '生物科学一班', 'SUBMITTED', 'A0045', 1, 0),
    (46, 5, 49, '高凡泽', '生物科学一班', 'ASSIGNED', 'A0046', 0, 0),
    (47, 5, 55, '张晨琪', '生物科学一班', 'ASSIGNED', 'A0047', 0, 0),
    (48, 5, 61, '杨轩昊', '生物科学一班', 'ASSIGNED', 'A0048', 0, 0),
    (49, 5, 67, '胡晴恩', '生物科学一班', 'ASSIGNED', 'A0049', 0, 0),
    (50, 5, 73, '马维文', '生物科学一班', 'SUBMITTED', 'A0050', 1, 0),
    (51, 6, 20, '陈婷瑞', '历史地理综合一班', 'ASSIGNED', 'A0051', 0, 0),
    (52, 6, 26, '孙博哲', '历史地理综合一班', 'ASSIGNED', 'A0052', 0, 0),
    (53, 6, 32, '郭可怡', '历史地理综合一班', 'ASSIGNED', 'A0053', 0, 0),
    (54, 6, 38, '赵欣峰', '历史地理综合一班', 'ASSIGNED', 'A0054', 0, 0),
    (55, 6, 44, '吴悦辰', '历史地理综合一班', 'SUBMITTED', 'A0055', 1, 0),
    (56, 6, 50, '林思一', '历史地理综合一班', 'ASSIGNED', 'A0056', 0, 0),
    (57, 6, 56, '王浩琳', '历史地理综合一班', 'ASSIGNED', 'A0057', 0, 0),
    (58, 6, 62, '黄杰祺', '历史地理综合一班', 'ASSIGNED', 'A0058', 0, 0),
    (59, 6, 68, '朱嘉妍', '历史地理综合一班', 'ASSIGNED', 'A0059', 0, 0),
    (60, 6, 74, '罗彤远', '历史地理综合一班', 'SUBMITTED', 'A0060', 1, 0);

INSERT INTO biz_answer_sheet (id, exam_plan_id, paper_id, paper_name, user_id, candidate_name, started_at, submitted_at, status, objective_score, subjective_score, final_score, auto_submit_flag, save_version, deleted) VALUES
    (1, 1, 1, '语文期中模拟卷', 15, '张晨琪', TIMESTAMP '2026-04-02 09:00:00', TIMESTAMP '2026-04-02 10:30:00', 'GRADED', 20, 12, 32, 0, 3, 0),
    (2, 1, 1, '语文期中模拟卷', 21, '杨轩昊', TIMESTAMP '2026-04-03 09:00:00', TIMESTAMP '2026-04-03 10:30:00', 'SUBMITTED', 20, 0, 20, 0, 3, 0),
    (3, 2, 2, '数学期中模拟卷', 16, '王浩琳', TIMESTAMP '2026-04-04 09:00:00', TIMESTAMP '2026-04-04 10:30:00', 'SUBMITTED', 20, 0, 20, 0, 3, 0),
    (4, 2, 2, '数学期中模拟卷', 22, '黄杰祺', TIMESTAMP '2026-04-05 09:00:00', TIMESTAMP '2026-04-05 10:30:00', 'SUBMITTED', 20, 0, 20, 0, 3, 0),
    (5, 3, 3, '英语期中模拟卷', 17, '李宇航', TIMESTAMP '2026-04-06 09:00:00', TIMESTAMP '2026-04-06 10:30:00', 'SUBMITTED', 20, 0, 20, 0, 3, 0),
    (6, 3, 3, '英语期中模拟卷', 23, '周涵雅', TIMESTAMP '2026-04-07 09:00:00', TIMESTAMP '2026-04-07 10:30:00', 'SUBMITTED', 20, 0, 20, 0, 3, 0),
    (7, 4, 4, '物理期中模拟卷', 18, '赵欣峰', TIMESTAMP '2026-04-08 09:00:00', TIMESTAMP '2026-04-08 10:30:00', 'SUBMITTED', 20, 0, 20, 0, 3, 0),
    (8, 4, 4, '物理期中模拟卷', 24, '吴悦辰', TIMESTAMP '2026-04-09 09:00:00', TIMESTAMP '2026-04-09 10:30:00', 'SUBMITTED', 20, 0, 20, 0, 3, 0),
    (9, 5, 6, '生物期中模拟卷', 19, '刘雪颖', TIMESTAMP '2026-04-10 09:00:00', TIMESTAMP '2026-04-10 10:30:00', 'SUBMITTED', 20, 0, 20, 0, 3, 0),
    (10, 5, 6, '生物期中模拟卷', 25, '徐宁萌', TIMESTAMP '2026-04-11 09:00:00', TIMESTAMP '2026-04-11 10:30:00', 'SUBMITTED', 20, 0, 20, 0, 3, 0),
    (11, 6, 7, '历史期中模拟卷', 20, '陈婷瑞', TIMESTAMP '2026-04-12 09:00:00', TIMESTAMP '2026-04-12 10:30:00', 'SUBMITTED', 20, 0, 20, 0, 3, 0),
    (12, 6, 7, '历史期中模拟卷', 26, '孙博哲', TIMESTAMP '2026-04-13 09:00:00', TIMESTAMP '2026-04-13 10:30:00', 'SUBMITTED', 20, 0, 20, 0, 3, 0);

INSERT INTO biz_answer_item (id, answer_sheet_id, question_id, question_type, question_order, answer_content, max_score, score_awarded, auto_scored, marked_flag, review_comment, status, deleted) VALUES
    (1, 1, 1, 'SINGLE_CHOICE', 1, '选项一：符合教材结论', 5, 5, 1, 1, '系统自动判分', 'AUTO_SCORED', 0),
    (2, 1, 2, 'MULTIPLE_CHOICE', 2, '说法一：符合教材结论|说法三：符合题意要求', 10, 10, 1, 1, '系统自动判分', 'AUTO_SCORED', 0),
    (3, 1, 3, 'TRUE_FALSE', 3, '正确', 5, 5, 1, 1, '系统自动判分', 'AUTO_SCORED', 0),
    (4, 1, 4, 'SHORT_ANSWER', 4, '请围绕知识点概念、条件和应用进行概述。', 15, 12, 0, 1, '主观题观点完整，表达较清晰。', 'GRADED', 0),
    (5, 2, 1, 'SINGLE_CHOICE', 1, '选项一：符合教材结论', 5, 5, 1, 1, '系统自动判分', 'AUTO_SCORED', 0),
    (6, 2, 2, 'MULTIPLE_CHOICE', 2, '说法一：符合教材结论|说法三：符合题意要求', 10, 10, 1, 1, '系统自动判分', 'AUTO_SCORED', 0),
    (7, 2, 3, 'TRUE_FALSE', 3, '正确', 5, 5, 1, 1, '系统自动判分', 'AUTO_SCORED', 0),
    (8, 2, 4, 'SHORT_ANSWER', 4, '请围绕知识点概念、条件和应用进行概述。', 15, 0, 0, 0, NULL, 'PENDING_GRADING', 0),
    (9, 3, 41, 'SINGLE_CHOICE', 1, '选项一：符合教材结论', 5, 5, 1, 1, '系统自动判分', 'AUTO_SCORED', 0),
    (10, 3, 42, 'MULTIPLE_CHOICE', 2, '说法一：符合教材结论|说法三：符合题意要求', 10, 10, 1, 1, '系统自动判分', 'AUTO_SCORED', 0),
    (11, 3, 43, 'TRUE_FALSE', 3, '正确', 5, 5, 1, 1, '系统自动判分', 'AUTO_SCORED', 0),
    (12, 3, 44, 'SHORT_ANSWER', 4, '请围绕知识点概念、条件和应用进行概述。', 15, 0, 0, 0, NULL, 'PENDING_GRADING', 0),
    (13, 4, 41, 'SINGLE_CHOICE', 1, '选项一：符合教材结论', 5, 5, 1, 1, '系统自动判分', 'AUTO_SCORED', 0),
    (14, 4, 42, 'MULTIPLE_CHOICE', 2, '说法一：符合教材结论|说法三：符合题意要求', 10, 10, 1, 1, '系统自动判分', 'AUTO_SCORED', 0),
    (15, 4, 43, 'TRUE_FALSE', 3, '正确', 5, 5, 1, 1, '系统自动判分', 'AUTO_SCORED', 0),
    (16, 4, 44, 'SHORT_ANSWER', 4, '请围绕知识点概念、条件和应用进行概述。', 15, 0, 0, 0, NULL, 'PENDING_GRADING', 0),
    (17, 5, 81, 'SINGLE_CHOICE', 1, '选项一：符合教材结论', 5, 5, 1, 1, '系统自动判分', 'AUTO_SCORED', 0),
    (18, 5, 82, 'MULTIPLE_CHOICE', 2, '说法一：符合教材结论|说法三：符合题意要求', 10, 10, 1, 1, '系统自动判分', 'AUTO_SCORED', 0),
    (19, 5, 83, 'TRUE_FALSE', 3, '正确', 5, 5, 1, 1, '系统自动判分', 'AUTO_SCORED', 0),
    (20, 5, 84, 'SHORT_ANSWER', 4, '请围绕知识点概念、条件和应用进行概述。', 15, 0, 0, 0, NULL, 'PENDING_GRADING', 0),
    (21, 6, 81, 'SINGLE_CHOICE', 1, '选项一：符合教材结论', 5, 5, 1, 1, '系统自动判分', 'AUTO_SCORED', 0),
    (22, 6, 82, 'MULTIPLE_CHOICE', 2, '说法一：符合教材结论|说法三：符合题意要求', 10, 10, 1, 1, '系统自动判分', 'AUTO_SCORED', 0),
    (23, 6, 83, 'TRUE_FALSE', 3, '正确', 5, 5, 1, 1, '系统自动判分', 'AUTO_SCORED', 0),
    (24, 6, 84, 'SHORT_ANSWER', 4, '请围绕知识点概念、条件和应用进行概述。', 15, 0, 0, 0, NULL, 'PENDING_GRADING', 0),
    (25, 7, 121, 'SINGLE_CHOICE', 1, '选项一：符合教材结论', 5, 5, 1, 1, '系统自动判分', 'AUTO_SCORED', 0),
    (26, 7, 122, 'MULTIPLE_CHOICE', 2, '说法一：符合教材结论|说法三：符合题意要求', 10, 10, 1, 1, '系统自动判分', 'AUTO_SCORED', 0),
    (27, 7, 123, 'TRUE_FALSE', 3, '正确', 5, 5, 1, 1, '系统自动判分', 'AUTO_SCORED', 0),
    (28, 7, 124, 'SHORT_ANSWER', 4, '请围绕知识点概念、条件和应用进行概述。', 15, 0, 0, 0, NULL, 'PENDING_GRADING', 0),
    (29, 8, 121, 'SINGLE_CHOICE', 1, '选项一：符合教材结论', 5, 5, 1, 1, '系统自动判分', 'AUTO_SCORED', 0),
    (30, 8, 122, 'MULTIPLE_CHOICE', 2, '说法一：符合教材结论|说法三：符合题意要求', 10, 10, 1, 1, '系统自动判分', 'AUTO_SCORED', 0),
    (31, 8, 123, 'TRUE_FALSE', 3, '正确', 5, 5, 1, 1, '系统自动判分', 'AUTO_SCORED', 0),
    (32, 8, 124, 'SHORT_ANSWER', 4, '请围绕知识点概念、条件和应用进行概述。', 15, 0, 0, 0, NULL, 'PENDING_GRADING', 0),
    (33, 9, 201, 'SINGLE_CHOICE', 1, '选项一：符合教材结论', 5, 5, 1, 1, '系统自动判分', 'AUTO_SCORED', 0),
    (34, 9, 202, 'MULTIPLE_CHOICE', 2, '说法一：符合教材结论|说法三：符合题意要求', 10, 10, 1, 1, '系统自动判分', 'AUTO_SCORED', 0),
    (35, 9, 203, 'TRUE_FALSE', 3, '正确', 5, 5, 1, 1, '系统自动判分', 'AUTO_SCORED', 0),
    (36, 9, 204, 'SHORT_ANSWER', 4, '请围绕知识点概念、条件和应用进行概述。', 15, 0, 0, 0, NULL, 'PENDING_GRADING', 0),
    (37, 10, 201, 'SINGLE_CHOICE', 1, '选项一：符合教材结论', 5, 5, 1, 1, '系统自动判分', 'AUTO_SCORED', 0),
    (38, 10, 202, 'MULTIPLE_CHOICE', 2, '说法一：符合教材结论|说法三：符合题意要求', 10, 10, 1, 1, '系统自动判分', 'AUTO_SCORED', 0),
    (39, 10, 203, 'TRUE_FALSE', 3, '正确', 5, 5, 1, 1, '系统自动判分', 'AUTO_SCORED', 0),
    (40, 10, 204, 'SHORT_ANSWER', 4, '请围绕知识点概念、条件和应用进行概述。', 15, 0, 0, 0, NULL, 'PENDING_GRADING', 0),
    (41, 11, 241, 'SINGLE_CHOICE', 1, '选项一：符合教材结论', 5, 5, 1, 1, '系统自动判分', 'AUTO_SCORED', 0),
    (42, 11, 242, 'MULTIPLE_CHOICE', 2, '说法一：符合教材结论|说法三：符合题意要求', 10, 10, 1, 1, '系统自动判分', 'AUTO_SCORED', 0),
    (43, 11, 243, 'TRUE_FALSE', 3, '正确', 5, 5, 1, 1, '系统自动判分', 'AUTO_SCORED', 0),
    (44, 11, 244, 'SHORT_ANSWER', 4, '请围绕知识点概念、条件和应用进行概述。', 15, 0, 0, 0, NULL, 'PENDING_GRADING', 0),
    (45, 12, 241, 'SINGLE_CHOICE', 1, '选项一：符合教材结论', 5, 5, 1, 1, '系统自动判分', 'AUTO_SCORED', 0),
    (46, 12, 242, 'MULTIPLE_CHOICE', 2, '说法一：符合教材结论|说法三：符合题意要求', 10, 10, 1, 1, '系统自动判分', 'AUTO_SCORED', 0),
    (47, 12, 243, 'TRUE_FALSE', 3, '正确', 5, 5, 1, 1, '系统自动判分', 'AUTO_SCORED', 0),
    (48, 12, 244, 'SHORT_ANSWER', 4, '请围绕知识点概念、条件和应用进行概述。', 15, 0, 0, 0, NULL, 'PENDING_GRADING', 0);

INSERT INTO biz_score_record (id, exam_plan_id, answer_sheet_id, user_id, candidate_name, exam_name, paper_name, submitted_at, objective_score, subjective_score, final_score, passed_flag, published_flag, status, deleted) VALUES
    (1, 1, 1, 15, '张晨琪', '2026级语文阶段测验', '语文期中模拟卷', TIMESTAMP '2026-04-02 10:30:00', 20, 12, 32, 0, 1, 'PUBLISHED', 0),
    (2, 1, 2, 21, '杨轩昊', '2026级语文阶段测验', '语文期中模拟卷', TIMESTAMP '2026-04-03 10:30:00', 20, 0, 20, 0, 0, 'PENDING_GRADING', 0),
    (3, 2, 3, 16, '王浩琳', '2026级数学阶段测验', '数学期中模拟卷', TIMESTAMP '2026-04-04 10:30:00', 20, 0, 20, 0, 0, 'PENDING_GRADING', 0),
    (4, 2, 4, 22, '黄杰祺', '2026级数学阶段测验', '数学期中模拟卷', TIMESTAMP '2026-04-05 10:30:00', 20, 0, 20, 0, 0, 'PENDING_GRADING', 0),
    (5, 3, 5, 17, '李宇航', '2026级英语阶段测验', '英语期中模拟卷', TIMESTAMP '2026-04-06 10:30:00', 20, 0, 20, 0, 0, 'PENDING_GRADING', 0),
    (6, 3, 6, 23, '周涵雅', '2026级英语阶段测验', '英语期中模拟卷', TIMESTAMP '2026-04-07 10:30:00', 20, 0, 20, 0, 0, 'PENDING_GRADING', 0),
    (7, 4, 7, 18, '赵欣峰', '2026级物理阶段测验', '物理期中模拟卷', TIMESTAMP '2026-04-08 10:30:00', 20, 0, 20, 0, 0, 'PENDING_GRADING', 0),
    (8, 4, 8, 24, '吴悦辰', '2026级物理阶段测验', '物理期中模拟卷', TIMESTAMP '2026-04-09 10:30:00', 20, 0, 20, 0, 0, 'PENDING_GRADING', 0),
    (9, 5, 9, 19, '刘雪颖', '2026级生物阶段测验', '生物期中模拟卷', TIMESTAMP '2026-04-10 10:30:00', 20, 0, 20, 0, 0, 'PENDING_GRADING', 0),
    (10, 5, 10, 25, '徐宁萌', '2026级生物阶段测验', '生物期中模拟卷', TIMESTAMP '2026-04-11 10:30:00', 20, 0, 20, 0, 0, 'PENDING_GRADING', 0),
    (11, 6, 11, 20, '陈婷瑞', '2026级历史地理综合测验', '历史期中模拟卷', TIMESTAMP '2026-04-12 10:30:00', 20, 0, 20, 0, 0, 'PENDING_GRADING', 0),
    (12, 6, 12, 26, '孙博哲', '2026级历史地理综合测验', '历史期中模拟卷', TIMESTAMP '2026-04-13 10:30:00', 20, 0, 20, 0, 0, 'PENDING_GRADING', 0);

INSERT INTO biz_anti_cheat_event (id, exam_plan_id, answer_sheet_id, user_id, event_type, severity, leave_count, triggered_auto_save, save_version, detail_text, occurred_at, deleted) VALUES
    (1, 1, 1, 15, 'TAB_SWITCH', 'MEDIUM', 1, 1, 3, '考生在考试过程中发生过一次切屏行为。', TIMESTAMP '2026-04-02 09:35:00', 0),
    (2, 1, 2, 21, 'TAB_SWITCH', 'MEDIUM', 1, 1, 3, '考生在考试过程中发生过一次切屏行为。', TIMESTAMP '2026-04-03 09:35:00', 0),
    (3, 2, 3, 16, 'TAB_SWITCH', 'MEDIUM', 1, 1, 3, '考生在考试过程中发生过一次切屏行为。', TIMESTAMP '2026-04-04 09:35:00', 0),
    (4, 2, 4, 22, 'TAB_SWITCH', 'MEDIUM', 1, 1, 3, '考生在考试过程中发生过一次切屏行为。', TIMESTAMP '2026-04-05 09:35:00', 0),
    (5, 3, 5, 17, 'TAB_SWITCH', 'MEDIUM', 1, 1, 3, '考生在考试过程中发生过一次切屏行为。', TIMESTAMP '2026-04-06 09:35:00', 0),
    (6, 3, 6, 23, 'TAB_SWITCH', 'MEDIUM', 1, 1, 3, '考生在考试过程中发生过一次切屏行为。', TIMESTAMP '2026-04-07 09:35:00', 0),
    (7, 4, 7, 18, 'TAB_SWITCH', 'MEDIUM', 1, 1, 3, '考生在考试过程中发生过一次切屏行为。', TIMESTAMP '2026-04-08 09:35:00', 0),
    (8, 4, 8, 24, 'TAB_SWITCH', 'MEDIUM', 1, 1, 3, '考生在考试过程中发生过一次切屏行为。', TIMESTAMP '2026-04-09 09:35:00', 0),
    (9, 5, 9, 19, 'TAB_SWITCH', 'MEDIUM', 1, 1, 3, '考生在考试过程中发生过一次切屏行为。', TIMESTAMP '2026-04-10 09:35:00', 0),
    (10, 5, 10, 25, 'TAB_SWITCH', 'MEDIUM', 1, 1, 3, '考生在考试过程中发生过一次切屏行为。', TIMESTAMP '2026-04-11 09:35:00', 0),
    (11, 6, 11, 20, 'TAB_SWITCH', 'MEDIUM', 1, 1, 3, '考生在考试过程中发生过一次切屏行为。', TIMESTAMP '2026-04-12 09:35:00', 0),
    (12, 6, 12, 26, 'TAB_SWITCH', 'MEDIUM', 1, 1, 3, '考生在考试过程中发生过一次切屏行为。', TIMESTAMP '2026-04-13 09:35:00', 0);

INSERT INTO biz_audit_log (id, operator_id, operator_name, module_name, action_name, target_type, target_id, detail_text, deleted) VALUES
    (1, 2, '教务管理员', '系统运营', '执行操作', '业务对象', 1, '教师完成中文题目录入', 0),
    (2, 2, '教务管理员', '系统运营', '执行操作', '业务对象', 2, '教师完成试卷组卷并提交审核', 0),
    (3, 2, '教务管理员', '系统运营', '执行操作', '业务对象', 3, '管理员发布考试计划并通知考生', 0),
    (4, 2, '教务管理员', '系统运营', '执行操作', '业务对象', 4, '阅卷老师完成主观题评分', 0),
    (5, 2, '教务管理员', '系统运营', '执行操作', '业务对象', 5, '监考员处理考试异常事件', 0);

INSERT INTO biz_in_app_message (id, recipient_user_id, title, message_type, content, related_type, related_id, read_flag, deleted) VALUES
    (1, 15, '成绩发布提醒', 'SCORE_PUBLISH', '考试《2026级语文阶段测验》成绩将在阅卷完成后发布，请留意系统通知。', 'SCORE_RECORD', 1, 0, 0),
    (2, 21, '成绩发布提醒', 'SCORE_PUBLISH', '考试《2026级语文阶段测验》成绩将在阅卷完成后发布，请留意系统通知。', 'SCORE_RECORD', 2, 0, 0),
    (3, 16, '成绩发布提醒', 'SCORE_PUBLISH', '考试《2026级数学阶段测验》成绩将在阅卷完成后发布，请留意系统通知。', 'SCORE_RECORD', 3, 0, 0),
    (4, 22, '成绩发布提醒', 'SCORE_PUBLISH', '考试《2026级数学阶段测验》成绩将在阅卷完成后发布，请留意系统通知。', 'SCORE_RECORD', 4, 0, 0),
    (5, 17, '成绩发布提醒', 'SCORE_PUBLISH', '考试《2026级英语阶段测验》成绩将在阅卷完成后发布，请留意系统通知。', 'SCORE_RECORD', 5, 0, 0),
    (6, 23, '成绩发布提醒', 'SCORE_PUBLISH', '考试《2026级英语阶段测验》成绩将在阅卷完成后发布，请留意系统通知。', 'SCORE_RECORD', 6, 0, 0),
    (7, 18, '成绩发布提醒', 'SCORE_PUBLISH', '考试《2026级物理阶段测验》成绩将在阅卷完成后发布，请留意系统通知。', 'SCORE_RECORD', 7, 0, 0),
    (8, 24, '成绩发布提醒', 'SCORE_PUBLISH', '考试《2026级物理阶段测验》成绩将在阅卷完成后发布，请留意系统通知。', 'SCORE_RECORD', 8, 0, 0),
    (9, 19, '成绩发布提醒', 'SCORE_PUBLISH', '考试《2026级生物阶段测验》成绩将在阅卷完成后发布，请留意系统通知。', 'SCORE_RECORD', 9, 0, 0),
    (10, 25, '成绩发布提醒', 'SCORE_PUBLISH', '考试《2026级生物阶段测验》成绩将在阅卷完成后发布，请留意系统通知。', 'SCORE_RECORD', 10, 0, 0),
    (11, 20, '成绩发布提醒', 'SCORE_PUBLISH', '考试《2026级历史地理综合测验》成绩将在阅卷完成后发布，请留意系统通知。', 'SCORE_RECORD', 11, 0, 0),
    (12, 26, '成绩发布提醒', 'SCORE_PUBLISH', '考试《2026级历史地理综合测验》成绩将在阅卷完成后发布，请留意系统通知。', 'SCORE_RECORD', 12, 0, 0),
    (13, 15, '考试发布提醒', 'EXAM_PUBLISH', '你已被分配到《2026级语文阶段测验》，请按时参加考试。', 'EXAM_PLAN', 1, 0, 0),
    (14, 21, '考试发布提醒', 'EXAM_PUBLISH', '你已被分配到《2026级语文阶段测验》，请按时参加考试。', 'EXAM_PLAN', 1, 0, 0),
    (15, 27, '考试发布提醒', 'EXAM_PUBLISH', '你已被分配到《2026级语文阶段测验》，请按时参加考试。', 'EXAM_PLAN', 1, 0, 0),
    (16, 33, '考试发布提醒', 'EXAM_PUBLISH', '你已被分配到《2026级语文阶段测验》，请按时参加考试。', 'EXAM_PLAN', 1, 0, 0),
    (17, 39, '考试发布提醒', 'EXAM_PUBLISH', '你已被分配到《2026级语文阶段测验》，请按时参加考试。', 'EXAM_PLAN', 1, 0, 0),
    (18, 45, '考试发布提醒', 'EXAM_PUBLISH', '你已被分配到《2026级语文阶段测验》，请按时参加考试。', 'EXAM_PLAN', 1, 0, 0),
    (19, 51, '考试发布提醒', 'EXAM_PUBLISH', '你已被分配到《2026级语文阶段测验》，请按时参加考试。', 'EXAM_PLAN', 1, 0, 0),
    (20, 57, '考试发布提醒', 'EXAM_PUBLISH', '你已被分配到《2026级语文阶段测验》，请按时参加考试。', 'EXAM_PLAN', 1, 0, 0),
    (21, 63, '考试发布提醒', 'EXAM_PUBLISH', '你已被分配到《2026级语文阶段测验》，请按时参加考试。', 'EXAM_PLAN', 1, 0, 0),
    (22, 69, '考试发布提醒', 'EXAM_PUBLISH', '你已被分配到《2026级语文阶段测验》，请按时参加考试。', 'EXAM_PLAN', 1, 0, 0),
    (23, 16, '考试发布提醒', 'EXAM_PUBLISH', '你已被分配到《2026级数学阶段测验》，请按时参加考试。', 'EXAM_PLAN', 2, 0, 0),
    (24, 22, '考试发布提醒', 'EXAM_PUBLISH', '你已被分配到《2026级数学阶段测验》，请按时参加考试。', 'EXAM_PLAN', 2, 0, 0),
    (25, 28, '考试发布提醒', 'EXAM_PUBLISH', '你已被分配到《2026级数学阶段测验》，请按时参加考试。', 'EXAM_PLAN', 2, 0, 0),
    (26, 34, '考试发布提醒', 'EXAM_PUBLISH', '你已被分配到《2026级数学阶段测验》，请按时参加考试。', 'EXAM_PLAN', 2, 0, 0),
    (27, 40, '考试发布提醒', 'EXAM_PUBLISH', '你已被分配到《2026级数学阶段测验》，请按时参加考试。', 'EXAM_PLAN', 2, 0, 0),
    (28, 46, '考试发布提醒', 'EXAM_PUBLISH', '你已被分配到《2026级数学阶段测验》，请按时参加考试。', 'EXAM_PLAN', 2, 0, 0),
    (29, 52, '考试发布提醒', 'EXAM_PUBLISH', '你已被分配到《2026级数学阶段测验》，请按时参加考试。', 'EXAM_PLAN', 2, 0, 0),
    (30, 58, '考试发布提醒', 'EXAM_PUBLISH', '你已被分配到《2026级数学阶段测验》，请按时参加考试。', 'EXAM_PLAN', 2, 0, 0),
    (31, 64, '考试发布提醒', 'EXAM_PUBLISH', '你已被分配到《2026级数学阶段测验》，请按时参加考试。', 'EXAM_PLAN', 2, 0, 0),
    (32, 70, '考试发布提醒', 'EXAM_PUBLISH', '你已被分配到《2026级数学阶段测验》，请按时参加考试。', 'EXAM_PLAN', 2, 0, 0),
    (33, 17, '考试发布提醒', 'EXAM_PUBLISH', '你已被分配到《2026级英语阶段测验》，请按时参加考试。', 'EXAM_PLAN', 3, 0, 0),
    (34, 23, '考试发布提醒', 'EXAM_PUBLISH', '你已被分配到《2026级英语阶段测验》，请按时参加考试。', 'EXAM_PLAN', 3, 0, 0),
    (35, 29, '考试发布提醒', 'EXAM_PUBLISH', '你已被分配到《2026级英语阶段测验》，请按时参加考试。', 'EXAM_PLAN', 3, 0, 0),
    (36, 35, '考试发布提醒', 'EXAM_PUBLISH', '你已被分配到《2026级英语阶段测验》，请按时参加考试。', 'EXAM_PLAN', 3, 0, 0),
    (37, 41, '考试发布提醒', 'EXAM_PUBLISH', '你已被分配到《2026级英语阶段测验》，请按时参加考试。', 'EXAM_PLAN', 3, 0, 0),
    (38, 47, '考试发布提醒', 'EXAM_PUBLISH', '你已被分配到《2026级英语阶段测验》，请按时参加考试。', 'EXAM_PLAN', 3, 0, 0),
    (39, 53, '考试发布提醒', 'EXAM_PUBLISH', '你已被分配到《2026级英语阶段测验》，请按时参加考试。', 'EXAM_PLAN', 3, 0, 0),
    (40, 59, '考试发布提醒', 'EXAM_PUBLISH', '你已被分配到《2026级英语阶段测验》，请按时参加考试。', 'EXAM_PLAN', 3, 0, 0),
    (41, 65, '考试发布提醒', 'EXAM_PUBLISH', '你已被分配到《2026级英语阶段测验》，请按时参加考试。', 'EXAM_PLAN', 3, 0, 0),
    (42, 71, '考试发布提醒', 'EXAM_PUBLISH', '你已被分配到《2026级英语阶段测验》，请按时参加考试。', 'EXAM_PLAN', 3, 0, 0),
    (43, 18, '考试发布提醒', 'EXAM_PUBLISH', '你已被分配到《2026级物理阶段测验》，请按时参加考试。', 'EXAM_PLAN', 4, 0, 0),
    (44, 24, '考试发布提醒', 'EXAM_PUBLISH', '你已被分配到《2026级物理阶段测验》，请按时参加考试。', 'EXAM_PLAN', 4, 0, 0),
    (45, 30, '考试发布提醒', 'EXAM_PUBLISH', '你已被分配到《2026级物理阶段测验》，请按时参加考试。', 'EXAM_PLAN', 4, 0, 0),
    (46, 36, '考试发布提醒', 'EXAM_PUBLISH', '你已被分配到《2026级物理阶段测验》，请按时参加考试。', 'EXAM_PLAN', 4, 0, 0),
    (47, 42, '考试发布提醒', 'EXAM_PUBLISH', '你已被分配到《2026级物理阶段测验》，请按时参加考试。', 'EXAM_PLAN', 4, 0, 0),
    (48, 48, '考试发布提醒', 'EXAM_PUBLISH', '你已被分配到《2026级物理阶段测验》，请按时参加考试。', 'EXAM_PLAN', 4, 0, 0),
    (49, 54, '考试发布提醒', 'EXAM_PUBLISH', '你已被分配到《2026级物理阶段测验》，请按时参加考试。', 'EXAM_PLAN', 4, 0, 0),
    (50, 60, '考试发布提醒', 'EXAM_PUBLISH', '你已被分配到《2026级物理阶段测验》，请按时参加考试。', 'EXAM_PLAN', 4, 0, 0),
    (51, 66, '考试发布提醒', 'EXAM_PUBLISH', '你已被分配到《2026级物理阶段测验》，请按时参加考试。', 'EXAM_PLAN', 4, 0, 0),
    (52, 72, '考试发布提醒', 'EXAM_PUBLISH', '你已被分配到《2026级物理阶段测验》，请按时参加考试。', 'EXAM_PLAN', 4, 0, 0),
    (53, 19, '考试发布提醒', 'EXAM_PUBLISH', '你已被分配到《2026级生物阶段测验》，请按时参加考试。', 'EXAM_PLAN', 5, 0, 0),
    (54, 25, '考试发布提醒', 'EXAM_PUBLISH', '你已被分配到《2026级生物阶段测验》，请按时参加考试。', 'EXAM_PLAN', 5, 0, 0),
    (55, 31, '考试发布提醒', 'EXAM_PUBLISH', '你已被分配到《2026级生物阶段测验》，请按时参加考试。', 'EXAM_PLAN', 5, 0, 0),
    (56, 37, '考试发布提醒', 'EXAM_PUBLISH', '你已被分配到《2026级生物阶段测验》，请按时参加考试。', 'EXAM_PLAN', 5, 0, 0),
    (57, 43, '考试发布提醒', 'EXAM_PUBLISH', '你已被分配到《2026级生物阶段测验》，请按时参加考试。', 'EXAM_PLAN', 5, 0, 0),
    (58, 49, '考试发布提醒', 'EXAM_PUBLISH', '你已被分配到《2026级生物阶段测验》，请按时参加考试。', 'EXAM_PLAN', 5, 0, 0),
    (59, 55, '考试发布提醒', 'EXAM_PUBLISH', '你已被分配到《2026级生物阶段测验》，请按时参加考试。', 'EXAM_PLAN', 5, 0, 0),
    (60, 61, '考试发布提醒', 'EXAM_PUBLISH', '你已被分配到《2026级生物阶段测验》，请按时参加考试。', 'EXAM_PLAN', 5, 0, 0),
    (61, 67, '考试发布提醒', 'EXAM_PUBLISH', '你已被分配到《2026级生物阶段测验》，请按时参加考试。', 'EXAM_PLAN', 5, 0, 0),
    (62, 73, '考试发布提醒', 'EXAM_PUBLISH', '你已被分配到《2026级生物阶段测验》，请按时参加考试。', 'EXAM_PLAN', 5, 0, 0),
    (63, 20, '考试发布提醒', 'EXAM_PUBLISH', '你已被分配到《2026级历史地理综合测验》，请按时参加考试。', 'EXAM_PLAN', 6, 0, 0),
    (64, 26, '考试发布提醒', 'EXAM_PUBLISH', '你已被分配到《2026级历史地理综合测验》，请按时参加考试。', 'EXAM_PLAN', 6, 0, 0),
    (65, 32, '考试发布提醒', 'EXAM_PUBLISH', '你已被分配到《2026级历史地理综合测验》，请按时参加考试。', 'EXAM_PLAN', 6, 0, 0),
    (66, 38, '考试发布提醒', 'EXAM_PUBLISH', '你已被分配到《2026级历史地理综合测验》，请按时参加考试。', 'EXAM_PLAN', 6, 0, 0),
    (67, 44, '考试发布提醒', 'EXAM_PUBLISH', '你已被分配到《2026级历史地理综合测验》，请按时参加考试。', 'EXAM_PLAN', 6, 0, 0),
    (68, 50, '考试发布提醒', 'EXAM_PUBLISH', '你已被分配到《2026级历史地理综合测验》，请按时参加考试。', 'EXAM_PLAN', 6, 0, 0),
    (69, 56, '考试发布提醒', 'EXAM_PUBLISH', '你已被分配到《2026级历史地理综合测验》，请按时参加考试。', 'EXAM_PLAN', 6, 0, 0),
    (70, 62, '考试发布提醒', 'EXAM_PUBLISH', '你已被分配到《2026级历史地理综合测验》，请按时参加考试。', 'EXAM_PLAN', 6, 0, 0),
    (71, 68, '考试发布提醒', 'EXAM_PUBLISH', '你已被分配到《2026级历史地理综合测验》，请按时参加考试。', 'EXAM_PLAN', 6, 0, 0),
    (72, 74, '考试发布提醒', 'EXAM_PUBLISH', '你已被分配到《2026级历史地理综合测验》，请按时参加考试。', 'EXAM_PLAN', 6, 0, 0);
